project_id,student_id,language_or_technology,usage_percentage
PRJ00001,STU0321,Python,39
PRJ00001,STU0321,Firebase,98
PRJ00002,STU0194,Python,20
PRJ00002,STU0194,Machine Learning,54
PRJ00003,STU0029,React,83
PRJ00003,STU0029,Node.js,33
PRJ00003,STU0029,MongoDB,28
PRJ00004,STU0029,HTML/CSS,100
PRJ00004,STU0029,JavaScript,86
PRJ00005,STU0050,React,24
PRJ00005,STU0050,Firebase,94
PRJ00006,STU0320,Python,92
PRJ00006,STU0320,FastAPI,31
PRJ00006,STU0320,Machine Learning,71
PRJ00007,STU0451,React,17
PRJ00007,STU0451,Firebase,59
PRJ00008,STU0265,Python,52
PRJ00008,STU0265,Machine Learning,86
PRJ00009,STU0305,React,38
PRJ00009,STU0305,Node.js,45
PRJ00009,STU0305,MongoDB,18
PRJ00010,STU0327,HTML/CSS,15
PRJ00010,STU0327,JavaScript,43
PRJ00011,STU0372,React,16
PRJ00011,STU0372,Firebase,58
PRJ00012,STU0409,Python,97
PRJ00012,STU0409,FastAPI,28
PRJ00012,STU0409,Machine Learning,84
PRJ00013,STU0224,HTML/CSS,22
PRJ00013,STU0224,JavaScript,20
PRJ00014,STU0398,Java,79
PRJ00014,STU0398,SQL,67
PRJ00015,STU0176,React,31
PRJ00015,STU0176,Node.js,26
PRJ00015,STU0176,MongoDB,75
PRJ00016,STU0337,Python,30
PRJ00016,STU0337,FastAPI,45
PRJ00016,STU0337,Machine Learning,71
PRJ00017,STU0420,Java,25
PRJ00017,STU0420,SQL,76
PRJ00018,STU0500,Python,34
PRJ00018,STU0500,Data Science,12
PRJ00018,STU0500,SQL,21
PRJ00019,STU0342,Python,78
PRJ00019,STU0342,Firebase,24
PRJ00020,STU0494,Python,67
PRJ00020,STU0494,Machine Learning,99
PRJ00021,STU0054,Python,84
PRJ00021,STU0054,Firebase,61
PRJ00022,STU0328,Python,93
PRJ00022,STU0328,Data Science,16
PRJ00022,STU0328,SQL,71
PRJ00023,STU0123,Python,52
PRJ00023,STU0123,Firebase,96
PRJ00024,STU0095,Java,67
PRJ00024,STU0095,SQL,77
PRJ00025,STU0184,Python,88
PRJ00025,STU0184,FastAPI,76
PRJ00025,STU0184,Machine Learning,93
PRJ00026,STU0100,Python,42
PRJ00026,STU0100,FastAPI,83
PRJ00026,STU0100,Machine Learning,71
PRJ00027,STU0102,React,46
PRJ00027,STU0102,Node.js,84
PRJ00027,STU0102,MongoDB,88
PRJ00028,STU0090,Python,67
PRJ00028,STU0090,Machine Learning,89
PRJ00029,STU0091,Java,86
PRJ00029,STU0091,SQL,17
PRJ00030,STU0071,Java,50
PRJ00030,STU0071,SQL,30
PRJ00031,STU0234,Python,27
PRJ00031,STU0234,Data Science,23
PRJ00031,STU0234,SQL,72
PRJ00032,STU0410,React,25
PRJ00032,STU0410,Firebase,24
PRJ00033,STU0452,Docker,45
PRJ00033,STU0452,Git,79
PRJ00033,STU0452,Node.js,62
PRJ00034,STU0194,React,52
PRJ00034,STU0194,Node.js,63
PRJ00034,STU0194,MongoDB,55
PRJ00035,STU0326,Python,76
PRJ00035,STU0326,Data Science,22
PRJ00035,STU0326,SQL,80
PRJ00036,STU0405,Java,89
PRJ00036,STU0405,SQL,78
PRJ00037,STU0408,React,94
PRJ00037,STU0408,Node.js,23
PRJ00037,STU0408,MongoDB,11
PRJ00038,STU0108,React,65
PRJ00038,STU0108,Node.js,19
PRJ00038,STU0108,MongoDB,73
PRJ00039,STU0086,HTML/CSS,37
PRJ00039,STU0086,JavaScript,90
PRJ00040,STU0266,Python,97
PRJ00040,STU0266,Firebase,100
PRJ00041,STU0356,Python,50
PRJ00041,STU0356,Firebase,62
PRJ00042,STU0206,Python,41
PRJ00042,STU0206,FastAPI,22
PRJ00042,STU0206,Machine Learning,62
PRJ00043,STU0232,Java,35
PRJ00043,STU0232,SQL,22
PRJ00044,STU0218,Docker,31
PRJ00044,STU0218,Git,86
PRJ00044,STU0218,Node.js,69
PRJ00045,STU0282,JavaScript,56
PRJ00045,STU0282,React,55
PRJ00045,STU0282,Node.js,67
PRJ00045,STU0282,SQL,32
PRJ00046,STU0266,Python,63
PRJ00046,STU0266,Machine Learning,23
PRJ00047,STU0319,Python,63
PRJ00047,STU0319,Machine Learning,86
PRJ00048,STU0210,Python,49
PRJ00048,STU0210,Machine Learning,87
PRJ00049,STU0013,Java,62
PRJ00049,STU0013,SQL,37
PRJ00050,STU0039,Python,72
PRJ00050,STU0039,Machine Learning,81
PRJ00051,STU0280,Python,74
PRJ00051,STU0280,FastAPI,19
PRJ00051,STU0280,Machine Learning,21
PRJ00052,STU0061,JavaScript,83
PRJ00052,STU0061,React,37
PRJ00052,STU0061,Node.js,77
PRJ00052,STU0061,SQL,98
PRJ00053,STU0171,Python,100
PRJ00053,STU0171,Data Science,85
PRJ00053,STU0171,SQL,92
PRJ00054,STU0418,Python,84
PRJ00054,STU0418,Machine Learning,84
PRJ00054,STU0418,Data Science,16
PRJ00055,STU0438,Python,60
PRJ00055,STU0438,Machine Learning,77
PRJ00055,STU0438,Data Science,31
PRJ00056,STU0422,Python,99
PRJ00056,STU0422,Machine Learning,16
PRJ00057,STU0007,Python,24
PRJ00057,STU0007,Firebase,36
PRJ00058,STU0371,React,92
PRJ00058,STU0371,Node.js,11
PRJ00058,STU0371,MongoDB,73
PRJ00059,STU0301,Python,19
PRJ00059,STU0301,Machine Learning,64
PRJ00059,STU0301,Data Science,73
PRJ00060,STU0161,Java,54
PRJ00060,STU0161,SQL,34
PRJ00061,STU0225,Python,97
PRJ00061,STU0225,Firebase,99
PRJ00062,STU0448,Java,31
PRJ00062,STU0448,SQL,24
PRJ00063,STU0428,Python,59
PRJ00063,STU0428,Machine Learning,38
PRJ00064,STU0352,Python,98
PRJ00064,STU0352,Machine Learning,34
PRJ00064,STU0352,Data Science,63
PRJ00065,STU0301,Python,25
PRJ00065,STU0301,FastAPI,40
PRJ00065,STU0301,Machine Learning,19
PRJ00066,STU0291,Python,70
PRJ00066,STU0291,FastAPI,88
PRJ00066,STU0291,Machine Learning,77
PRJ00067,STU0033,HTML/CSS,52
PRJ00067,STU0033,JavaScript,44
PRJ00068,STU0169,React,84
PRJ00068,STU0169,Firebase,14
PRJ00069,STU0054,Python,15
PRJ00069,STU0054,FastAPI,49
PRJ00069,STU0054,Machine Learning,98
PRJ00070,STU0014,Java,87
PRJ00070,STU0014,SQL,17
PRJ00071,STU0106,Python,41
PRJ00071,STU0106,Data Science,70
PRJ00071,STU0106,SQL,96
PRJ00072,STU0030,Python,30
PRJ00072,STU0030,Machine Learning,86
PRJ00073,STU0201,Java,55
PRJ00073,STU0201,SQL,47
PRJ00074,STU0245,React,57
PRJ00074,STU0245,Node.js,76
PRJ00074,STU0245,MongoDB,52
PRJ00075,STU0446,Python,74
PRJ00075,STU0446,Data Science,38
PRJ00075,STU0446,SQL,53
PRJ00076,STU0310,React,98
PRJ00076,STU0310,Firebase,63
PRJ00077,STU0351,Python,40
PRJ00077,STU0351,Firebase,97
PRJ00078,STU0229,JavaScript,86
PRJ00078,STU0229,React,85
PRJ00078,STU0229,Node.js,80
PRJ00078,STU0229,SQL,25
PRJ00079,STU0467,React,29
PRJ00079,STU0467,Firebase,71
PRJ00080,STU0021,React,45
PRJ00080,STU0021,Node.js,37
PRJ00080,STU0021,MongoDB,87
PRJ00081,STU0359,Java,90
PRJ00081,STU0359,SQL,29
PRJ00082,STU0213,Python,28
PRJ00082,STU0213,Data Science,51
PRJ00082,STU0213,SQL,53
PRJ00083,STU0467,Python,23
PRJ00083,STU0467,FastAPI,66
PRJ00083,STU0467,Machine Learning,44
PRJ00084,STU0358,Python,18
PRJ00084,STU0358,FastAPI,86
PRJ00084,STU0358,Machine Learning,99
PRJ00085,STU0276,React,33
PRJ00085,STU0276,Node.js,51
PRJ00085,STU0276,MongoDB,81
PRJ00086,STU0391,HTML/CSS,18
PRJ00086,STU0391,JavaScript,90
PRJ00087,STU0259,Python,42
PRJ00087,STU0259,Machine Learning,73
PRJ00087,STU0259,Data Science,63
PRJ00088,STU0130,Python,32
PRJ00088,STU0130,Data Science,23
PRJ00088,STU0130,SQL,100
PRJ00089,STU0328,React,33
PRJ00089,STU0328,Node.js,100
PRJ00089,STU0328,MongoDB,34
PRJ00090,STU0205,Java,61
PRJ00090,STU0205,SQL,14
PRJ00091,STU0129,JavaScript,25
PRJ00091,STU0129,React,99
PRJ00091,STU0129,Node.js,79
PRJ00091,STU0129,SQL,60
PRJ00092,STU0237,JavaScript,39
PRJ00092,STU0237,React,83
PRJ00092,STU0237,Node.js,86
PRJ00092,STU0237,SQL,43
PRJ00093,STU0487,Python,55
PRJ00093,STU0487,Firebase,43
PRJ00094,STU0088,Java,22
PRJ00094,STU0088,SQL,36
PRJ00095,STU0064,HTML/CSS,81
PRJ00095,STU0064,JavaScript,42
PRJ00096,STU0391,Python,50
PRJ00096,STU0391,FastAPI,39
PRJ00096,STU0391,Machine Learning,22
PRJ00097,STU0092,Python,50
PRJ00097,STU0092,Data Science,59
PRJ00097,STU0092,SQL,37
PRJ00098,STU0357,Python,16
PRJ00098,STU0357,FastAPI,87
PRJ00098,STU0357,Machine Learning,41
PRJ00099,STU0027,React,11
PRJ00099,STU0027,Firebase,70
PRJ00100,STU0476,Python,86
PRJ00100,STU0476,Data Science,61
PRJ00100,STU0476,SQL,76
PRJ00101,STU0009,Java,94
PRJ00101,STU0009,SQL,53
PRJ00102,STU0349,Python,89
PRJ00102,STU0349,FastAPI,15
PRJ00102,STU0349,Machine Learning,93
PRJ00103,STU0086,React,85
PRJ00103,STU0086,Node.js,64
PRJ00103,STU0086,MongoDB,99
PRJ00104,STU0056,Java,94
PRJ00104,STU0056,SQL,49
PRJ00105,STU0098,React,56
PRJ00105,STU0098,Firebase,84
PRJ00106,STU0062,Python,78
PRJ00106,STU0062,Data Science,69
PRJ00106,STU0062,SQL,27
PRJ00107,STU0089,Python,90
PRJ00107,STU0089,FastAPI,45
PRJ00107,STU0089,Machine Learning,14
PRJ00108,STU0109,Python,81
PRJ00108,STU0109,Firebase,88
PRJ00109,STU0320,Python,87
PRJ00109,STU0320,Machine Learning,32
PRJ00110,STU0155,Python,99
PRJ00110,STU0155,Machine Learning,23
PRJ00110,STU0155,Data Science,68
PRJ00111,STU0088,React,71
PRJ00111,STU0088,Node.js,91
PRJ00111,STU0088,MongoDB,34
PRJ00112,STU0474,Python,52
PRJ00112,STU0474,Machine Learning,93
PRJ00112,STU0474,Data Science,21
PRJ00113,STU0390,Docker,63
PRJ00113,STU0390,Git,61
PRJ00113,STU0390,Node.js,75
PRJ00114,STU0010,React,18
PRJ00114,STU0010,Firebase,18
PRJ00115,STU0380,Python,36
PRJ00115,STU0380,Data Science,37
PRJ00115,STU0380,SQL,89
PRJ00116,STU0389,Docker,70
PRJ00116,STU0389,Git,34
PRJ00116,STU0389,Node.js,64
PRJ00117,STU0220,Python,67
PRJ00117,STU0220,Machine Learning,13
PRJ00117,STU0220,Data Science,71
PRJ00118,STU0192,Python,98
PRJ00118,STU0192,Firebase,27
PRJ00119,STU0105,Python,25
PRJ00119,STU0105,FastAPI,71
PRJ00119,STU0105,Machine Learning,94
PRJ00120,STU0379,Docker,38
PRJ00120,STU0379,Git,100
PRJ00120,STU0379,Node.js,47
PRJ00121,STU0330,Python,11
PRJ00121,STU0330,Machine Learning,100
PRJ00121,STU0330,Data Science,33
PRJ00122,STU0417,React,49
PRJ00122,STU0417,Node.js,26
PRJ00122,STU0417,MongoDB,93
PRJ00123,STU0125,Python,31
PRJ00123,STU0125,Data Science,92
PRJ00123,STU0125,SQL,31
PRJ00124,STU0447,Java,44
PRJ00124,STU0447,SQL,22
PRJ00125,STU0004,JavaScript,98
PRJ00125,STU0004,React,88
PRJ00125,STU0004,Node.js,77
PRJ00125,STU0004,SQL,39
PRJ00126,STU0325,Java,17
PRJ00126,STU0325,SQL,62
PRJ00127,STU0304,HTML/CSS,96
PRJ00127,STU0304,JavaScript,41
PRJ00128,STU0219,React,33
PRJ00128,STU0219,Node.js,40
PRJ00128,STU0219,MongoDB,65
PRJ00129,STU0102,Python,50
PRJ00129,STU0102,Data Science,49
PRJ00129,STU0102,SQL,11
PRJ00130,STU0156,React,22
PRJ00130,STU0156,Node.js,79
PRJ00130,STU0156,MongoDB,22
PRJ00131,STU0041,Python,93
PRJ00131,STU0041,Machine Learning,49
PRJ00132,STU0226,Java,47
PRJ00132,STU0226,SQL,44
PRJ00133,STU0391,Java,31
PRJ00133,STU0391,SQL,47
PRJ00134,STU0276,Java,80
PRJ00134,STU0276,SQL,44
PRJ00135,STU0157,Python,29
PRJ00135,STU0157,Firebase,95
PRJ00136,STU0247,JavaScript,95
PRJ00136,STU0247,React,13
PRJ00136,STU0247,Node.js,30
PRJ00136,STU0247,SQL,98
PRJ00137,STU0080,Docker,45
PRJ00137,STU0080,Git,41
PRJ00137,STU0080,Node.js,57
PRJ00138,STU0374,React,10
PRJ00138,STU0374,Node.js,99
PRJ00138,STU0374,MongoDB,86
PRJ00139,STU0482,Java,49
PRJ00139,STU0482,SQL,66
PRJ00140,STU0329,React,62
PRJ00140,STU0329,Firebase,54
PRJ00141,STU0198,Docker,99
PRJ00141,STU0198,Git,21
PRJ00141,STU0198,Node.js,25
PRJ00142,STU0395,Docker,95
PRJ00142,STU0395,Git,75
PRJ00142,STU0395,Node.js,64
PRJ00143,STU0353,Python,94
PRJ00143,STU0353,Machine Learning,18
PRJ00144,STU0127,Python,53
PRJ00144,STU0127,Data Science,63
PRJ00144,STU0127,SQL,45
PRJ00145,STU0362,Python,11
PRJ00145,STU0362,FastAPI,88
PRJ00145,STU0362,Machine Learning,83
PRJ00146,STU0234,Python,46
PRJ00146,STU0234,FastAPI,23
PRJ00146,STU0234,Machine Learning,49
PRJ00147,STU0297,Python,73
PRJ00147,STU0297,FastAPI,54
PRJ00147,STU0297,Machine Learning,34
PRJ00148,STU0330,React,89
PRJ00148,STU0330,Node.js,79
PRJ00148,STU0330,MongoDB,89
PRJ00149,STU0266,Docker,100
PRJ00149,STU0266,Git,18
PRJ00149,STU0266,Node.js,34
PRJ00150,STU0130,React,69
PRJ00150,STU0130,Node.js,14
PRJ00150,STU0130,MongoDB,50
PRJ00151,STU0454,Java,49
PRJ00151,STU0454,SQL,91
PRJ00152,STU0326,React,27
PRJ00152,STU0326,Firebase,48
PRJ00153,STU0108,Docker,51
PRJ00153,STU0108,Git,21
PRJ00153,STU0108,Node.js,97
PRJ00154,STU0418,Python,91
PRJ00154,STU0418,Firebase,89
PRJ00155,STU0214,HTML/CSS,17
PRJ00155,STU0214,JavaScript,75
PRJ00156,STU0091,Python,32
PRJ00156,STU0091,Machine Learning,59
PRJ00157,STU0094,HTML/CSS,19
PRJ00157,STU0094,JavaScript,95
PRJ00158,STU0096,Python,19
PRJ00158,STU0096,Data Science,13
PRJ00158,STU0096,SQL,92
PRJ00159,STU0462,Java,35
PRJ00159,STU0462,SQL,50
PRJ00160,STU0445,Python,59
PRJ00160,STU0445,FastAPI,50
PRJ00160,STU0445,Machine Learning,88
PRJ00161,STU0194,JavaScript,44
PRJ00161,STU0194,React,33
PRJ00161,STU0194,Node.js,83
PRJ00161,STU0194,SQL,85
PRJ00162,STU0300,Python,32
PRJ00162,STU0300,Data Science,14
PRJ00162,STU0300,SQL,91
PRJ00163,STU0032,React,32
PRJ00163,STU0032,Node.js,40
PRJ00163,STU0032,MongoDB,71
PRJ00164,STU0268,Python,58
PRJ00164,STU0268,Machine Learning,58
PRJ00164,STU0268,Data Science,65
PRJ00165,STU0493,Python,84
PRJ00165,STU0493,Machine Learning,94
PRJ00165,STU0493,Data Science,64
PRJ00166,STU0310,Java,86
PRJ00166,STU0310,SQL,32
PRJ00167,STU0419,Python,31
PRJ00167,STU0419,Data Science,82
PRJ00167,STU0419,SQL,54
PRJ00168,STU0030,Python,39
PRJ00168,STU0030,Machine Learning,39
PRJ00169,STU0446,React,78
PRJ00169,STU0446,Node.js,59
PRJ00169,STU0446,MongoDB,21
PRJ00170,STU0063,Java,82
PRJ00170,STU0063,SQL,42
PRJ00171,STU0317,Python,21
PRJ00171,STU0317,FastAPI,18
PRJ00171,STU0317,Machine Learning,90
PRJ00172,STU0097,Python,79
PRJ00172,STU0097,FastAPI,34
PRJ00172,STU0097,Machine Learning,87
PRJ00173,STU0497,Python,96
PRJ00173,STU0497,Machine Learning,12
PRJ00173,STU0497,Data Science,89
PRJ00174,STU0249,Java,39
PRJ00174,STU0249,SQL,49
PRJ00175,STU0338,Java,26
PRJ00175,STU0338,SQL,45
PRJ00176,STU0100,React,93
PRJ00176,STU0100,Node.js,90
PRJ00176,STU0100,MongoDB,29
PRJ00177,STU0259,Python,47
PRJ00177,STU0259,FastAPI,10
PRJ00177,STU0259,Machine Learning,58
PRJ00178,STU0427,Python,64
PRJ00178,STU0427,FastAPI,96
PRJ00178,STU0427,Machine Learning,32
PRJ00179,STU0247,Python,75
PRJ00179,STU0247,FastAPI,34
PRJ00179,STU0247,Machine Learning,44
PRJ00180,STU0386,Python,62
PRJ00180,STU0386,FastAPI,34
PRJ00180,STU0386,Machine Learning,35
PRJ00181,STU0015,Java,48
PRJ00181,STU0015,SQL,96
PRJ00182,STU0369,React,76
PRJ00182,STU0369,Node.js,78
PRJ00182,STU0369,MongoDB,87
PRJ00183,STU0325,React,39
PRJ00183,STU0325,Node.js,40
PRJ00183,STU0325,MongoDB,42
PRJ00184,STU0478,React,36
PRJ00184,STU0478,Firebase,70
PRJ00185,STU0381,React,57
PRJ00185,STU0381,Node.js,23
PRJ00185,STU0381,MongoDB,77
PRJ00186,STU0115,React,58
PRJ00186,STU0115,Node.js,65
PRJ00186,STU0115,MongoDB,88
PRJ00187,STU0046,Python,42
PRJ00187,STU0046,Machine Learning,14
PRJ00188,STU0066,Java,74
PRJ00188,STU0066,SQL,65
PRJ00189,STU0001,React,56
PRJ00189,STU0001,Node.js,46
PRJ00189,STU0001,MongoDB,32
PRJ00190,STU0217,Python,46
PRJ00190,STU0217,Machine Learning,41
PRJ00191,STU0309,React,81
PRJ00191,STU0309,Firebase,32
PRJ00192,STU0276,Java,59
PRJ00192,STU0276,SQL,89
PRJ00193,STU0429,Python,27
PRJ00193,STU0429,Data Science,80
PRJ00193,STU0429,SQL,52
PRJ00194,STU0146,Java,53
PRJ00194,STU0146,SQL,12
PRJ00195,STU0353,JavaScript,67
PRJ00195,STU0353,React,44
PRJ00195,STU0353,Node.js,36
PRJ00195,STU0353,SQL,53
PRJ00196,STU0150,React,12
PRJ00196,STU0150,Node.js,83
PRJ00196,STU0150,MongoDB,54
PRJ00197,STU0424,React,30
PRJ00197,STU0424,Node.js,81
PRJ00197,STU0424,MongoDB,91
PRJ00198,STU0439,Python,76
PRJ00198,STU0439,Firebase,89
PRJ00199,STU0281,Java,57
PRJ00199,STU0281,SQL,87
PRJ00200,STU0388,Java,44
PRJ00200,STU0388,SQL,71
PRJ00201,STU0145,React,90
PRJ00201,STU0145,Node.js,11
PRJ00201,STU0145,MongoDB,41
PRJ00202,STU0068,Python,82
PRJ00202,STU0068,Machine Learning,64
PRJ00203,STU0084,React,87
PRJ00203,STU0084,Firebase,64
PRJ00204,STU0460,Java,46
PRJ00204,STU0460,SQL,51
PRJ00205,STU0334,Python,36
PRJ00205,STU0334,FastAPI,51
PRJ00205,STU0334,Machine Learning,86
PRJ00206,STU0487,Java,22
PRJ00206,STU0487,SQL,70
PRJ00207,STU0499,Python,61
PRJ00207,STU0499,Firebase,52
PRJ00208,STU0333,Python,15
PRJ00208,STU0333,Machine Learning,43
PRJ00209,STU0018,JavaScript,68
PRJ00209,STU0018,React,25
PRJ00209,STU0018,Node.js,80
PRJ00209,STU0018,SQL,76
PRJ00210,STU0353,React,35
PRJ00210,STU0353,Firebase,10
PRJ00211,STU0443,Java,14
PRJ00211,STU0443,SQL,85
PRJ00212,STU0006,JavaScript,85
PRJ00212,STU0006,React,53
PRJ00212,STU0006,Node.js,45
PRJ00212,STU0006,SQL,27
PRJ00213,STU0329,Python,80
PRJ00213,STU0329,FastAPI,75
PRJ00213,STU0329,Machine Learning,68
PRJ00214,STU0294,Python,37
PRJ00214,STU0294,Firebase,45
PRJ00215,STU0197,Python,46
PRJ00215,STU0197,Firebase,88
PRJ00216,STU0051,Python,92
PRJ00216,STU0051,Machine Learning,61
PRJ00217,STU0417,React,95
PRJ00217,STU0417,Node.js,58
PRJ00217,STU0417,MongoDB,76
PRJ00218,STU0402,Python,65
PRJ00218,STU0402,Machine Learning,65
PRJ00218,STU0402,Data Science,67
PRJ00219,STU0276,React,85
PRJ00219,STU0276,Node.js,78
PRJ00219,STU0276,MongoDB,88
PRJ00220,STU0442,React,84
PRJ00220,STU0442,Firebase,43
PRJ00221,STU0410,Python,68
PRJ00221,STU0410,Machine Learning,12
PRJ00222,STU0106,Python,62
PRJ00222,STU0106,FastAPI,99
PRJ00222,STU0106,Machine Learning,23
PRJ00223,STU0436,Python,68
PRJ00223,STU0436,Machine Learning,99
PRJ00223,STU0436,Data Science,92
PRJ00224,STU0153,Python,12
PRJ00224,STU0153,Machine Learning,65
PRJ00225,STU0154,Python,84
PRJ00225,STU0154,FastAPI,16
PRJ00225,STU0154,Machine Learning,20
PRJ00226,STU0296,Python,43
PRJ00226,STU0296,Firebase,89
PRJ00227,STU0276,HTML/CSS,66
PRJ00227,STU0276,JavaScript,20
PRJ00228,STU0019,Python,20
PRJ00228,STU0019,Data Science,13
PRJ00228,STU0019,SQL,37
PRJ00229,STU0309,HTML/CSS,77
PRJ00229,STU0309,JavaScript,43
PRJ00230,STU0374,React,67
PRJ00230,STU0374,Firebase,23
PRJ00231,STU0134,Java,53
PRJ00231,STU0134,SQL,60
PRJ00232,STU0484,React,71
PRJ00232,STU0484,Node.js,55
PRJ00232,STU0484,MongoDB,63
PRJ00233,STU0037,Python,65
PRJ00233,STU0037,FastAPI,51
PRJ00233,STU0037,Machine Learning,10
PRJ00234,STU0337,Python,93
PRJ00234,STU0337,FastAPI,53
PRJ00234,STU0337,Machine Learning,19
PRJ00235,STU0404,Java,79
PRJ00235,STU0404,SQL,74
PRJ00236,STU0040,React,64
PRJ00236,STU0040,Node.js,12
PRJ00236,STU0040,MongoDB,97
PRJ00237,STU0281,Java,22
PRJ00237,STU0281,SQL,59
PRJ00238,STU0466,Python,72
PRJ00238,STU0466,Machine Learning,94
PRJ00239,STU0006,JavaScript,47
PRJ00239,STU0006,React,43
PRJ00239,STU0006,Node.js,82
PRJ00239,STU0006,SQL,97
PRJ00240,STU0401,Docker,33
PRJ00240,STU0401,Git,36
PRJ00240,STU0401,Node.js,46
PRJ00241,STU0449,React,98
PRJ00241,STU0449,Node.js,36
PRJ00241,STU0449,MongoDB,57
PRJ00242,STU0359,React,88
PRJ00242,STU0359,Firebase,91
PRJ00243,STU0051,Docker,65
PRJ00243,STU0051,Git,83
PRJ00243,STU0051,Node.js,76
PRJ00244,STU0093,Python,51
PRJ00244,STU0093,Machine Learning,12
PRJ00245,STU0133,Python,45
PRJ00245,STU0133,FastAPI,51
PRJ00245,STU0133,Machine Learning,12
PRJ00246,STU0291,React,92
PRJ00246,STU0291,Node.js,52
PRJ00246,STU0291,MongoDB,62
PRJ00247,STU0399,Python,62
PRJ00247,STU0399,Data Science,100
PRJ00247,STU0399,SQL,83
PRJ00248,STU0182,Python,39
PRJ00248,STU0182,Machine Learning,72
PRJ00248,STU0182,Data Science,53
PRJ00249,STU0488,Java,49
PRJ00249,STU0488,SQL,15
PRJ00250,STU0209,Python,27
PRJ00250,STU0209,Machine Learning,43
PRJ00250,STU0209,Data Science,32
PRJ00251,STU0374,Python,81
PRJ00251,STU0374,Data Science,65
PRJ00251,STU0374,SQL,19
PRJ00252,STU0044,React,70
PRJ00252,STU0044,Node.js,99
PRJ00252,STU0044,MongoDB,78
PRJ00253,STU0493,Java,85
PRJ00253,STU0493,SQL,31
PRJ00254,STU0351,Python,52
PRJ00254,STU0351,FastAPI,67
PRJ00254,STU0351,Machine Learning,25
PRJ00255,STU0098,Docker,48
PRJ00255,STU0098,Git,14
PRJ00255,STU0098,Node.js,26
PRJ00256,STU0177,Python,52
PRJ00256,STU0177,Data Science,17
PRJ00256,STU0177,SQL,97
PRJ00257,STU0477,Docker,40
PRJ00257,STU0477,Git,78
PRJ00257,STU0477,Node.js,51
PRJ00258,STU0430,Java,100
PRJ00258,STU0430,SQL,72
PRJ00259,STU0195,Java,64
PRJ00259,STU0195,SQL,32
PRJ00260,STU0128,Java,58
PRJ00260,STU0128,SQL,48
PRJ00261,STU0151,React,75
PRJ00261,STU0151,Node.js,19
PRJ00261,STU0151,MongoDB,90
PRJ00262,STU0112,Docker,62
PRJ00262,STU0112,Git,41
PRJ00262,STU0112,Node.js,76
PRJ00263,STU0457,React,92
PRJ00263,STU0457,Firebase,46
PRJ00264,STU0316,Python,83
PRJ00264,STU0316,Firebase,41
PRJ00265,STU0003,Python,62
PRJ00265,STU0003,Machine Learning,81
PRJ00266,STU0052,Java,16
PRJ00266,STU0052,SQL,95
PRJ00267,STU0264,Docker,59
PRJ00267,STU0264,Git,35
PRJ00267,STU0264,Node.js,51
PRJ00268,STU0004,Java,75
PRJ00268,STU0004,SQL,54
PRJ00269,STU0192,React,38
PRJ00269,STU0192,Node.js,12
PRJ00269,STU0192,MongoDB,20
PRJ00270,STU0416,React,12
PRJ00270,STU0416,Node.js,20
PRJ00270,STU0416,MongoDB,28
PRJ00271,STU0072,Python,66
PRJ00271,STU0072,Machine Learning,80
PRJ00272,STU0102,JavaScript,83
PRJ00272,STU0102,React,58
PRJ00272,STU0102,Node.js,86
PRJ00272,STU0102,SQL,52
PRJ00273,STU0203,Java,20
PRJ00273,STU0203,SQL,88
PRJ00274,STU0102,Python,93
PRJ00274,STU0102,Firebase,36
PRJ00275,STU0282,Python,10
PRJ00275,STU0282,Firebase,47
PRJ00276,STU0372,Docker,92
PRJ00276,STU0372,Git,74
PRJ00276,STU0372,Node.js,57
PRJ00277,STU0406,Python,28
PRJ00277,STU0406,FastAPI,100
PRJ00277,STU0406,Machine Learning,72
PRJ00278,STU0007,Python,68
PRJ00278,STU0007,Machine Learning,54
PRJ00278,STU0007,Data Science,77
PRJ00279,STU0500,React,58
PRJ00279,STU0500,Firebase,70
PRJ00280,STU0145,Python,16
PRJ00280,STU0145,Firebase,37
PRJ00281,STU0079,React,59
PRJ00281,STU0079,Node.js,51
PRJ00281,STU0079,MongoDB,63
PRJ00282,STU0443,React,28
PRJ00282,STU0443,Node.js,16
PRJ00282,STU0443,MongoDB,34
PRJ00283,STU0362,Python,64
PRJ00283,STU0362,Machine Learning,37
PRJ00283,STU0362,Data Science,42
PRJ00284,STU0097,Java,48
PRJ00284,STU0097,SQL,97
PRJ00285,STU0206,Python,46
PRJ00285,STU0206,FastAPI,37
PRJ00285,STU0206,Machine Learning,90
PRJ00286,STU0010,React,86
PRJ00286,STU0010,Firebase,43
PRJ00287,STU0209,HTML/CSS,61
PRJ00287,STU0209,JavaScript,75
PRJ00288,STU0219,Python,86
PRJ00288,STU0219,Firebase,58
PRJ00289,STU0027,React,41
PRJ00289,STU0027,Node.js,39
PRJ00289,STU0027,MongoDB,23
PRJ00290,STU0483,Python,78
PRJ00290,STU0483,Machine Learning,19
PRJ00291,STU0094,Python,96
PRJ00291,STU0094,FastAPI,29
PRJ00291,STU0094,Machine Learning,35
PRJ00292,STU0147,Python,38
PRJ00292,STU0147,Firebase,57
PRJ00293,STU0130,Python,66
PRJ00293,STU0130,Firebase,96
PRJ00294,STU0050,Python,63
PRJ00294,STU0050,FastAPI,21
PRJ00294,STU0050,Machine Learning,71
PRJ00295,STU0185,React,16
PRJ00295,STU0185,Node.js,67
PRJ00295,STU0185,MongoDB,38
PRJ00296,STU0122,Python,25
PRJ00296,STU0122,FastAPI,67
PRJ00296,STU0122,Machine Learning,48
PRJ00297,STU0045,Docker,45
PRJ00297,STU0045,Git,55
PRJ00297,STU0045,Node.js,69
PRJ00298,STU0022,React,69
PRJ00298,STU0022,Firebase,64
PRJ00299,STU0039,HTML/CSS,32
PRJ00299,STU0039,JavaScript,96
PRJ00300,STU0274,React,62
PRJ00300,STU0274,Node.js,27
PRJ00300,STU0274,MongoDB,59
PRJ00301,STU0215,HTML/CSS,41
PRJ00301,STU0215,JavaScript,60
PRJ00302,STU0230,Python,66
PRJ00302,STU0230,FastAPI,78
PRJ00302,STU0230,Machine Learning,50
PRJ00303,STU0215,HTML/CSS,99
PRJ00303,STU0215,JavaScript,15
PRJ00304,STU0357,Java,75
PRJ00304,STU0357,SQL,88
PRJ00305,STU0407,React,80
PRJ00305,STU0407,Node.js,87
PRJ00305,STU0407,MongoDB,72
PRJ00306,STU0273,Java,73
PRJ00306,STU0273,SQL,43
PRJ00307,STU0197,HTML/CSS,73
PRJ00307,STU0197,JavaScript,57
PRJ00308,STU0106,Java,88
PRJ00308,STU0106,SQL,44
PRJ00309,STU0304,React,97
PRJ00309,STU0304,Node.js,46
PRJ00309,STU0304,MongoDB,93
PRJ00310,STU0363,React,40
PRJ00310,STU0363,Node.js,46
PRJ00310,STU0363,MongoDB,74
PRJ00311,STU0363,React,52
PRJ00311,STU0363,Node.js,27
PRJ00311,STU0363,MongoDB,85
PRJ00312,STU0274,Python,55
PRJ00312,STU0274,Data Science,34
PRJ00312,STU0274,SQL,67
PRJ00313,STU0475,Java,68
PRJ00313,STU0475,SQL,42
PRJ00314,STU0274,JavaScript,13
PRJ00314,STU0274,React,40
PRJ00314,STU0274,Node.js,70
PRJ00314,STU0274,SQL,59
PRJ00315,STU0167,JavaScript,69
PRJ00315,STU0167,React,63
PRJ00315,STU0167,Node.js,81
PRJ00315,STU0167,SQL,70
PRJ00316,STU0151,Python,46
PRJ00316,STU0151,Machine Learning,13
PRJ00317,STU0375,React,43
PRJ00317,STU0375,Node.js,29
PRJ00317,STU0375,MongoDB,12
PRJ00318,STU0337,Java,71
PRJ00318,STU0337,SQL,63
PRJ00319,STU0325,React,69
PRJ00319,STU0325,Firebase,55
PRJ00320,STU0138,Python,20
PRJ00320,STU0138,Data Science,49
PRJ00320,STU0138,SQL,86
PRJ00321,STU0374,React,66
PRJ00321,STU0374,Node.js,54
PRJ00321,STU0374,MongoDB,35
PRJ00322,STU0048,Python,48
PRJ00322,STU0048,Firebase,21
PRJ00323,STU0097,React,19
PRJ00323,STU0097,Firebase,50
PRJ00324,STU0159,Java,70
PRJ00324,STU0159,SQL,36
PRJ00325,STU0036,Java,93
PRJ00325,STU0036,SQL,36
PRJ00326,STU0466,Python,17
PRJ00326,STU0466,FastAPI,89
PRJ00326,STU0466,Machine Learning,85
PRJ00327,STU0373,Python,17
PRJ00327,STU0373,Machine Learning,14
PRJ00327,STU0373,Data Science,92
PRJ00328,STU0011,JavaScript,15
PRJ00328,STU0011,React,83
PRJ00328,STU0011,Node.js,45
PRJ00328,STU0011,SQL,14
PRJ00329,STU0395,JavaScript,62
PRJ00329,STU0395,React,57
PRJ00329,STU0395,Node.js,60
PRJ00329,STU0395,SQL,55
PRJ00330,STU0406,Python,74
PRJ00330,STU0406,FastAPI,29
PRJ00330,STU0406,Machine Learning,40
PRJ00331,STU0044,Python,47
PRJ00331,STU0044,Data Science,43
PRJ00331,STU0044,SQL,53
PRJ00332,STU0418,Java,41
PRJ00332,STU0418,SQL,77
PRJ00333,STU0125,Python,52
PRJ00333,STU0125,FastAPI,93
PRJ00333,STU0125,Machine Learning,94
PRJ00334,STU0423,Python,64
PRJ00334,STU0423,FastAPI,56
PRJ00334,STU0423,Machine Learning,41
PRJ00335,STU0262,Docker,53
PRJ00335,STU0262,Git,33
PRJ00335,STU0262,Node.js,35
PRJ00336,STU0013,Python,96
PRJ00336,STU0013,Data Science,26
PRJ00336,STU0013,SQL,62
PRJ00337,STU0336,React,65
PRJ00337,STU0336,Node.js,14
PRJ00337,STU0336,MongoDB,90
PRJ00338,STU0087,JavaScript,97
PRJ00338,STU0087,React,95
PRJ00338,STU0087,Node.js,11
PRJ00338,STU0087,SQL,14
PRJ00339,STU0040,React,43
PRJ00339,STU0040,Firebase,69
PRJ00340,STU0459,Python,13
PRJ00340,STU0459,FastAPI,83
PRJ00340,STU0459,Machine Learning,20
PRJ00341,STU0172,React,18
PRJ00341,STU0172,Firebase,17
PRJ00342,STU0352,React,41
PRJ00342,STU0352,Node.js,49
PRJ00342,STU0352,MongoDB,84
PRJ00343,STU0470,Python,95
PRJ00343,STU0470,Firebase,56
PRJ00344,STU0442,Docker,63
PRJ00344,STU0442,Git,19
PRJ00344,STU0442,Node.js,20
PRJ00345,STU0200,Python,86
PRJ00345,STU0200,Firebase,98
PRJ00346,STU0219,React,86
PRJ00346,STU0219,Node.js,74
PRJ00346,STU0219,MongoDB,82
PRJ00347,STU0066,Java,85
PRJ00347,STU0066,SQL,61
PRJ00348,STU0218,Python,50
PRJ00348,STU0218,Firebase,20
PRJ00349,STU0472,Python,21
PRJ00349,STU0472,Data Science,80
PRJ00349,STU0472,SQL,23
PRJ00350,STU0276,HTML/CSS,97
PRJ00350,STU0276,JavaScript,50
PRJ00351,STU0197,JavaScript,74
PRJ00351,STU0197,React,37
PRJ00351,STU0197,Node.js,67
PRJ00351,STU0197,SQL,45
PRJ00352,STU0416,React,61
PRJ00352,STU0416,Node.js,64
PRJ00352,STU0416,MongoDB,19
PRJ00353,STU0002,Python,49
PRJ00353,STU0002,Data Science,49
PRJ00353,STU0002,SQL,70
PRJ00354,STU0491,Java,67
PRJ00354,STU0491,SQL,64
PRJ00355,STU0435,Java,21
PRJ00355,STU0435,SQL,75
PRJ00356,STU0428,Java,92
PRJ00356,STU0428,SQL,92
PRJ00357,STU0029,React,62
PRJ00357,STU0029,Node.js,75
PRJ00357,STU0029,MongoDB,72
PRJ00358,STU0376,Python,95
PRJ00358,STU0376,FastAPI,10
PRJ00358,STU0376,Machine Learning,45
PRJ00359,STU0055,Python,69
PRJ00359,STU0055,FastAPI,84
PRJ00359,STU0055,Machine Learning,62
PRJ00360,STU0016,Java,61
PRJ00360,STU0016,SQL,95
PRJ00361,STU0040,Python,93
PRJ00361,STU0040,FastAPI,59
PRJ00361,STU0040,Machine Learning,80
PRJ00362,STU0381,Java,28
PRJ00362,STU0381,SQL,100
PRJ00363,STU0173,Python,88
PRJ00363,STU0173,Firebase,12
PRJ00364,STU0031,Docker,57
PRJ00364,STU0031,Git,27
PRJ00364,STU0031,Node.js,57
PRJ00365,STU0006,Java,61
PRJ00365,STU0006,SQL,53
PRJ00366,STU0425,React,86
PRJ00366,STU0425,Node.js,85
PRJ00366,STU0425,MongoDB,57
PRJ00367,STU0140,JavaScript,12
PRJ00367,STU0140,React,77
PRJ00367,STU0140,Node.js,92
PRJ00367,STU0140,SQL,89
PRJ00368,STU0317,Python,18
PRJ00368,STU0317,FastAPI,45
PRJ00368,STU0317,Machine Learning,31
PRJ00369,STU0500,HTML/CSS,99
PRJ00369,STU0500,JavaScript,39
PRJ00370,STU0335,Python,98
PRJ00370,STU0335,FastAPI,39
PRJ00370,STU0335,Machine Learning,10
PRJ00371,STU0412,Python,33
PRJ00371,STU0412,Machine Learning,83
PRJ00372,STU0054,JavaScript,100
PRJ00372,STU0054,React,33
PRJ00372,STU0054,Node.js,73
PRJ00372,STU0054,SQL,64
PRJ00373,STU0145,Java,46
PRJ00373,STU0145,SQL,12
PRJ00374,STU0006,Python,50
PRJ00374,STU0006,Machine Learning,45
PRJ00374,STU0006,Data Science,71
PRJ00375,STU0327,Docker,97
PRJ00375,STU0327,Git,40
PRJ00375,STU0327,Node.js,89
PRJ00376,STU0292,React,78
PRJ00376,STU0292,Firebase,64
PRJ00377,STU0025,Python,32
PRJ00377,STU0025,Machine Learning,29
PRJ00378,STU0385,React,18
PRJ00378,STU0385,Node.js,42
PRJ00378,STU0385,MongoDB,17
PRJ00379,STU0385,Java,55
PRJ00379,STU0385,SQL,18
PRJ00380,STU0209,Docker,37
PRJ00380,STU0209,Git,21
PRJ00380,STU0209,Node.js,78
PRJ00381,STU0301,Python,59
PRJ00381,STU0301,Machine Learning,58
PRJ00381,STU0301,Data Science,14
PRJ00382,STU0149,Java,49
PRJ00382,STU0149,SQL,72
PRJ00383,STU0048,React,49
PRJ00383,STU0048,Node.js,67
PRJ00383,STU0048,MongoDB,41
PRJ00384,STU0083,HTML/CSS,37
PRJ00384,STU0083,JavaScript,80
PRJ00385,STU0149,Python,85
PRJ00385,STU0149,Machine Learning,21
PRJ00386,STU0107,React,42
PRJ00386,STU0107,Firebase,68
PRJ00387,STU0255,JavaScript,74
PRJ00387,STU0255,React,53
PRJ00387,STU0255,Node.js,31
PRJ00387,STU0255,SQL,43
PRJ00388,STU0445,Python,68
PRJ00388,STU0445,Machine Learning,48
PRJ00388,STU0445,Data Science,48
PRJ00389,STU0161,Java,26
PRJ00389,STU0161,SQL,10
PRJ00390,STU0296,Python,34
PRJ00390,STU0296,Machine Learning,51
PRJ00391,STU0364,Python,87
PRJ00391,STU0364,Machine Learning,43
PRJ00391,STU0364,Data Science,46
PRJ00392,STU0391,Docker,23
PRJ00392,STU0391,Git,12
PRJ00392,STU0391,Node.js,96
PRJ00393,STU0250,Python,31
PRJ00393,STU0250,FastAPI,38
PRJ00393,STU0250,Machine Learning,74
PRJ00394,STU0439,React,71
PRJ00394,STU0439,Firebase,92
PRJ00395,STU0433,React,38
PRJ00395,STU0433,Firebase,55
PRJ00396,STU0212,HTML/CSS,20
PRJ00396,STU0212,JavaScript,78
PRJ00397,STU0330,Python,97
PRJ00397,STU0330,FastAPI,99
PRJ00397,STU0330,Machine Learning,62
PRJ00398,STU0437,JavaScript,62
PRJ00398,STU0437,React,49
PRJ00398,STU0437,Node.js,73
PRJ00398,STU0437,SQL,71
PRJ00399,STU0205,Java,48
PRJ00399,STU0205,SQL,22
PRJ00400,STU0343,JavaScript,36
PRJ00400,STU0343,React,21
PRJ00400,STU0343,Node.js,36
PRJ00400,STU0343,SQL,56
PRJ00401,STU0274,Docker,19
PRJ00401,STU0274,Git,74
PRJ00401,STU0274,Node.js,96
PRJ00402,STU0375,JavaScript,34
PRJ00402,STU0375,React,11
PRJ00402,STU0375,Node.js,28
PRJ00402,STU0375,SQL,55
PRJ00403,STU0169,JavaScript,75
PRJ00403,STU0169,React,57
PRJ00403,STU0169,Node.js,35
PRJ00403,STU0169,SQL,44
PRJ00404,STU0109,React,63
PRJ00404,STU0109,Node.js,50
PRJ00404,STU0109,MongoDB,78
PRJ00405,STU0020,HTML/CSS,20
PRJ00405,STU0020,JavaScript,54
PRJ00406,STU0110,Python,36
PRJ00406,STU0110,Machine Learning,89
PRJ00407,STU0405,Java,77
PRJ00407,STU0405,SQL,78
PRJ00408,STU0445,Python,56
PRJ00408,STU0445,FastAPI,91
PRJ00408,STU0445,Machine Learning,31
PRJ00409,STU0091,JavaScript,98
PRJ00409,STU0091,React,25
PRJ00409,STU0091,Node.js,72
PRJ00409,STU0091,SQL,80
PRJ00410,STU0042,React,87
PRJ00410,STU0042,Node.js,51
PRJ00410,STU0042,MongoDB,53
PRJ00411,STU0343,Docker,89
PRJ00411,STU0343,Git,89
PRJ00411,STU0343,Node.js,17
PRJ00412,STU0459,Docker,83
PRJ00412,STU0459,Git,76
PRJ00412,STU0459,Node.js,48
PRJ00413,STU0102,Python,100
PRJ00413,STU0102,Machine Learning,96
PRJ00414,STU0353,Python,19
PRJ00414,STU0353,Machine Learning,31
PRJ00414,STU0353,Data Science,80
PRJ00415,STU0293,Java,58
PRJ00415,STU0293,SQL,52
PRJ00416,STU0040,React,56
PRJ00416,STU0040,Node.js,76
PRJ00416,STU0040,MongoDB,24
PRJ00417,STU0078,Docker,58
PRJ00417,STU0078,Git,68
PRJ00417,STU0078,Node.js,54
PRJ00418,STU0059,Python,89
PRJ00418,STU0059,Machine Learning,32
PRJ00418,STU0059,Data Science,37
PRJ00419,STU0002,Python,78
PRJ00419,STU0002,Firebase,36
PRJ00420,STU0019,Python,22
PRJ00420,STU0019,Data Science,85
PRJ00420,STU0019,SQL,38
PRJ00421,STU0308,Java,49
PRJ00421,STU0308,SQL,78
PRJ00422,STU0498,Python,83
PRJ00422,STU0498,FastAPI,21
PRJ00422,STU0498,Machine Learning,80
PRJ00423,STU0155,Docker,15
PRJ00423,STU0155,Git,17
PRJ00423,STU0155,Node.js,35
PRJ00424,STU0256,Python,78
PRJ00424,STU0256,FastAPI,18
PRJ00424,STU0256,Machine Learning,43
PRJ00425,STU0181,Java,59
PRJ00425,STU0181,SQL,34
PRJ00426,STU0475,Java,43
PRJ00426,STU0475,SQL,26
PRJ00427,STU0284,React,100
PRJ00427,STU0284,Firebase,87
PRJ00428,STU0146,Java,32
PRJ00428,STU0146,SQL,49
PRJ00429,STU0045,Python,30
PRJ00429,STU0045,Machine Learning,23
PRJ00429,STU0045,Data Science,98
PRJ00430,STU0478,Java,87
PRJ00430,STU0478,SQL,57
PRJ00431,STU0052,Python,83
PRJ00431,STU0052,FastAPI,69
PRJ00431,STU0052,Machine Learning,40
PRJ00432,STU0342,React,16
PRJ00432,STU0342,Node.js,85
PRJ00432,STU0342,MongoDB,23
PRJ00433,STU0283,Java,32
PRJ00433,STU0283,SQL,18
PRJ00434,STU0180,Python,75
PRJ00434,STU0180,Machine Learning,50
PRJ00434,STU0180,Data Science,29
PRJ00435,STU0482,Python,70
PRJ00435,STU0482,Machine Learning,34
PRJ00436,STU0451,Python,47
PRJ00436,STU0451,FastAPI,21
PRJ00436,STU0451,Machine Learning,21
PRJ00437,STU0124,Python,47
PRJ00437,STU0124,FastAPI,61
PRJ00437,STU0124,Machine Learning,21
PRJ00438,STU0079,Python,35
PRJ00438,STU0079,Machine Learning,41
PRJ00438,STU0079,Data Science,20
PRJ00439,STU0172,Java,52
PRJ00439,STU0172,SQL,92
PRJ00440,STU0099,React,55
PRJ00440,STU0099,Firebase,56
PRJ00441,STU0066,Python,35
PRJ00441,STU0066,FastAPI,16
PRJ00441,STU0066,Machine Learning,18
PRJ00442,STU0265,Java,51
PRJ00442,STU0265,SQL,38
PRJ00443,STU0411,Java,14
PRJ00443,STU0411,SQL,34
PRJ00444,STU0082,Python,17
PRJ00444,STU0082,Machine Learning,49
PRJ00445,STU0224,Python,47
PRJ00445,STU0224,FastAPI,11
PRJ00445,STU0224,Machine Learning,67
PRJ00446,STU0279,Docker,66
PRJ00446,STU0279,Git,78
PRJ00446,STU0279,Node.js,21
PRJ00447,STU0376,Java,95
PRJ00447,STU0376,SQL,22
PRJ00448,STU0335,Docker,16
PRJ00448,STU0335,Git,88
PRJ00448,STU0335,Node.js,62
PRJ00449,STU0431,Python,56
PRJ00449,STU0431,Data Science,88
PRJ00449,STU0431,SQL,80
PRJ00450,STU0043,Docker,48
PRJ00450,STU0043,Git,94
PRJ00450,STU0043,Node.js,50
PRJ00451,STU0057,Python,50
PRJ00451,STU0057,Firebase,68
PRJ00452,STU0135,Docker,62
PRJ00452,STU0135,Git,100
PRJ00452,STU0135,Node.js,65
PRJ00453,STU0433,Python,40
PRJ00453,STU0433,Machine Learning,49
PRJ00454,STU0408,Python,51
PRJ00454,STU0408,FastAPI,48
PRJ00454,STU0408,Machine Learning,25
PRJ00455,STU0040,Python,81
PRJ00455,STU0040,Data Science,33
PRJ00455,STU0040,SQL,86
PRJ00456,STU0466,Python,85
PRJ00456,STU0466,Firebase,22
PRJ00457,STU0463,Java,28
PRJ00457,STU0463,SQL,62
PRJ00458,STU0248,React,88
PRJ00458,STU0248,Firebase,86
PRJ00459,STU0131,Docker,44
PRJ00459,STU0131,Git,53
PRJ00459,STU0131,Node.js,29
PRJ00460,STU0275,Python,17
PRJ00460,STU0275,FastAPI,63
PRJ00460,STU0275,Machine Learning,49
PRJ00461,STU0461,Python,97
PRJ00461,STU0461,Data Science,20
PRJ00461,STU0461,SQL,89
PRJ00462,STU0043,React,23
PRJ00462,STU0043,Node.js,12
PRJ00462,STU0043,MongoDB,63
PRJ00463,STU0103,JavaScript,23
PRJ00463,STU0103,React,98
PRJ00463,STU0103,Node.js,58
PRJ00463,STU0103,SQL,92
PRJ00464,STU0382,Python,58
PRJ00464,STU0382,Machine Learning,98
PRJ00464,STU0382,Data Science,88
PRJ00465,STU0473,Python,21
PRJ00465,STU0473,Data Science,12
PRJ00465,STU0473,SQL,17
PRJ00466,STU0434,Docker,99
PRJ00466,STU0434,Git,77
PRJ00466,STU0434,Node.js,91
PRJ00467,STU0407,Python,26
PRJ00467,STU0407,Machine Learning,30
PRJ00467,STU0407,Data Science,95
PRJ00468,STU0250,Java,42
PRJ00468,STU0250,SQL,27
PRJ00469,STU0140,Java,25
PRJ00469,STU0140,SQL,61
PRJ00470,STU0220,Python,78
PRJ00470,STU0220,Data Science,28
PRJ00470,STU0220,SQL,63
PRJ00471,STU0086,Docker,74
PRJ00471,STU0086,Git,26
PRJ00471,STU0086,Node.js,29
PRJ00472,STU0210,React,97
PRJ00472,STU0210,Node.js,20
PRJ00472,STU0210,MongoDB,91
PRJ00473,STU0093,Python,73
PRJ00473,STU0093,Machine Learning,55
PRJ00473,STU0093,Data Science,91
PRJ00474,STU0126,JavaScript,61
PRJ00474,STU0126,React,31
PRJ00474,STU0126,Node.js,93
PRJ00474,STU0126,SQL,58
PRJ00475,STU0400,Python,89
PRJ00475,STU0400,Machine Learning,82
PRJ00476,STU0006,React,58
PRJ00476,STU0006,Node.js,28
PRJ00476,STU0006,MongoDB,13
PRJ00477,STU0408,Python,77
PRJ00477,STU0408,Machine Learning,34
PRJ00478,STU0146,React,90
PRJ00478,STU0146,Firebase,44
PRJ00479,STU0288,React,73
PRJ00479,STU0288,Node.js,83
PRJ00479,STU0288,MongoDB,100
PRJ00480,STU0417,Python,21
PRJ00480,STU0417,Machine Learning,10
PRJ00481,STU0256,Python,11
PRJ00481,STU0256,FastAPI,54
PRJ00481,STU0256,Machine Learning,82
PRJ00482,STU0232,Java,39
PRJ00482,STU0232,SQL,27
PRJ00483,STU0011,React,94
PRJ00483,STU0011,Node.js,91
PRJ00483,STU0011,MongoDB,91
PRJ00484,STU0068,Java,91
PRJ00484,STU0068,SQL,55
PRJ00485,STU0021,Python,73
PRJ00485,STU0021,Machine Learning,26
PRJ00486,STU0425,Python,26
PRJ00486,STU0425,Machine Learning,80
PRJ00486,STU0425,Data Science,90
PRJ00487,STU0386,Python,68
PRJ00487,STU0386,Machine Learning,16
PRJ00488,STU0253,React,100
PRJ00488,STU0253,Firebase,35
PRJ00489,STU0233,Python,30
PRJ00489,STU0233,Firebase,28
PRJ00490,STU0015,Python,13
PRJ00490,STU0015,Data Science,15
PRJ00490,STU0015,SQL,92
PRJ00491,STU0166,Java,94
PRJ00491,STU0166,SQL,69
PRJ00492,STU0098,React,44
PRJ00492,STU0098,Node.js,81
PRJ00492,STU0098,MongoDB,53
PRJ00493,STU0445,Python,88
PRJ00493,STU0445,FastAPI,73
PRJ00493,STU0445,Machine Learning,26
PRJ00494,STU0485,React,42
PRJ00494,STU0485,Node.js,34
PRJ00494,STU0485,MongoDB,81
PRJ00495,STU0314,Python,69
PRJ00495,STU0314,Machine Learning,25
PRJ00495,STU0314,Data Science,28
PRJ00496,STU0299,Python,88
PRJ00496,STU0299,Firebase,54
PRJ00497,STU0386,React,21
PRJ00497,STU0386,Firebase,47
PRJ00498,STU0271,Python,52
PRJ00498,STU0271,Data Science,33
PRJ00498,STU0271,SQL,15
PRJ00499,STU0396,React,52
PRJ00499,STU0396,Node.js,96
PRJ00499,STU0396,MongoDB,75
PRJ00500,STU0393,React,92
PRJ00500,STU0393,Node.js,12
PRJ00500,STU0393,MongoDB,100
PRJ00501,STU0338,Python,28
PRJ00501,STU0338,FastAPI,90
PRJ00501,STU0338,Machine Learning,76
PRJ00502,STU0031,Python,61
PRJ00502,STU0031,Data Science,12
PRJ00502,STU0031,SQL,58
PRJ00503,STU0097,Python,15
PRJ00503,STU0097,Firebase,46
PRJ00504,STU0390,HTML/CSS,80
PRJ00504,STU0390,JavaScript,13
PRJ00505,STU0079,Java,32
PRJ00505,STU0079,SQL,33
PRJ00506,STU0198,Python,43
PRJ00506,STU0198,Firebase,11
PRJ00507,STU0143,Java,63
PRJ00507,STU0143,SQL,55
PRJ00508,STU0053,Java,48
PRJ00508,STU0053,SQL,71
PRJ00509,STU0009,Docker,43
PRJ00509,STU0009,Git,67
PRJ00509,STU0009,Node.js,61
PRJ00510,STU0244,Python,98
PRJ00510,STU0244,FastAPI,87
PRJ00510,STU0244,Machine Learning,53
PRJ00511,STU0475,HTML/CSS,15
PRJ00511,STU0475,JavaScript,84
PRJ00512,STU0078,Java,12
PRJ00512,STU0078,SQL,42
PRJ00513,STU0226,React,20
PRJ00513,STU0226,Node.js,91
PRJ00513,STU0226,MongoDB,74
PRJ00514,STU0196,React,84
PRJ00514,STU0196,Node.js,74
PRJ00514,STU0196,MongoDB,52
PRJ00515,STU0207,Java,65
PRJ00515,STU0207,SQL,60
PRJ00516,STU0266,Java,98
PRJ00516,STU0266,SQL,43
PRJ00517,STU0113,JavaScript,36
PRJ00517,STU0113,React,14
PRJ00517,STU0113,Node.js,22
PRJ00517,STU0113,SQL,59
PRJ00518,STU0123,JavaScript,52
PRJ00518,STU0123,React,90
PRJ00518,STU0123,Node.js,55
PRJ00518,STU0123,SQL,65
PRJ00519,STU0359,React,27
PRJ00519,STU0359,Node.js,38
PRJ00519,STU0359,MongoDB,75
PRJ00520,STU0113,React,81
PRJ00520,STU0113,Node.js,72
PRJ00520,STU0113,MongoDB,77
PRJ00521,STU0403,Python,75
PRJ00521,STU0403,Data Science,75
PRJ00521,STU0403,SQL,66
PRJ00522,STU0376,Python,58
PRJ00522,STU0376,FastAPI,54
PRJ00522,STU0376,Machine Learning,64
PRJ00523,STU0319,Python,99
PRJ00523,STU0319,Firebase,88
PRJ00524,STU0349,JavaScript,89
PRJ00524,STU0349,React,40
PRJ00524,STU0349,Node.js,19
PRJ00524,STU0349,SQL,36
PRJ00525,STU0073,Python,59
PRJ00525,STU0073,FastAPI,94
PRJ00525,STU0073,Machine Learning,16
PRJ00526,STU0091,React,63
PRJ00526,STU0091,Node.js,92
PRJ00526,STU0091,MongoDB,26
PRJ00527,STU0181,Python,27
PRJ00527,STU0181,Firebase,85
PRJ00528,STU0057,Python,12
PRJ00528,STU0057,FastAPI,21
PRJ00528,STU0057,Machine Learning,22
PRJ00529,STU0269,HTML/CSS,34
PRJ00529,STU0269,JavaScript,81
PRJ00530,STU0156,Python,58
PRJ00530,STU0156,Machine Learning,11
PRJ00530,STU0156,Data Science,45
PRJ00531,STU0180,HTML/CSS,71
PRJ00531,STU0180,JavaScript,85
PRJ00532,STU0235,Python,45
PRJ00532,STU0235,FastAPI,95
PRJ00532,STU0235,Machine Learning,67
PRJ00533,STU0397,Python,20
PRJ00533,STU0397,FastAPI,83
PRJ00533,STU0397,Machine Learning,88
PRJ00534,STU0266,React,11
PRJ00534,STU0266,Node.js,37
PRJ00534,STU0266,MongoDB,75
PRJ00535,STU0338,Java,12
PRJ00535,STU0338,SQL,36
PRJ00536,STU0296,React,52
PRJ00536,STU0296,Node.js,25
PRJ00536,STU0296,MongoDB,42
PRJ00537,STU0046,Python,76
PRJ00537,STU0046,Data Science,85
PRJ00537,STU0046,SQL,51
PRJ00538,STU0348,HTML/CSS,41
PRJ00538,STU0348,JavaScript,81
PRJ00539,STU0467,Python,31
PRJ00539,STU0467,FastAPI,82
PRJ00539,STU0467,Machine Learning,47
PRJ00540,STU0214,React,49
PRJ00540,STU0214,Node.js,19
PRJ00540,STU0214,MongoDB,85
PRJ00541,STU0267,React,25
PRJ00541,STU0267,Node.js,43
PRJ00541,STU0267,MongoDB,68
PRJ00542,STU0291,Python,82
PRJ00542,STU0291,Machine Learning,16
PRJ00542,STU0291,Data Science,56
PRJ00543,STU0256,Docker,39
PRJ00543,STU0256,Git,49
PRJ00543,STU0256,Node.js,66
PRJ00544,STU0495,React,26
PRJ00544,STU0495,Node.js,81
PRJ00544,STU0495,MongoDB,40
PRJ00545,STU0034,Python,85
PRJ00545,STU0034,Machine Learning,55
PRJ00545,STU0034,Data Science,21
PRJ00546,STU0112,React,62
PRJ00546,STU0112,Node.js,70
PRJ00546,STU0112,MongoDB,37
PRJ00547,STU0003,Java,91
PRJ00547,STU0003,SQL,17
PRJ00548,STU0071,Python,82
PRJ00548,STU0071,Machine Learning,52
PRJ00549,STU0489,JavaScript,38
PRJ00549,STU0489,React,26
PRJ00549,STU0489,Node.js,94
PRJ00549,STU0489,SQL,60
PRJ00550,STU0300,Docker,73
PRJ00550,STU0300,Git,11
PRJ00550,STU0300,Node.js,81
PRJ00551,STU0243,Docker,42
PRJ00551,STU0243,Git,75
PRJ00551,STU0243,Node.js,76
PRJ00552,STU0205,Docker,61
PRJ00552,STU0205,Git,90
PRJ00552,STU0205,Node.js,77
PRJ00553,STU0160,Java,62
PRJ00553,STU0160,SQL,52
PRJ00554,STU0350,Python,58
PRJ00554,STU0350,Machine Learning,98
PRJ00554,STU0350,Data Science,94
PRJ00555,STU0284,Python,29
PRJ00555,STU0284,Data Science,85
PRJ00555,STU0284,SQL,31
PRJ00556,STU0291,Docker,57
PRJ00556,STU0291,Git,94
PRJ00556,STU0291,Node.js,94
PRJ00557,STU0401,Docker,78
PRJ00557,STU0401,Git,94
PRJ00557,STU0401,Node.js,33
PRJ00558,STU0227,React,30
PRJ00558,STU0227,Node.js,77
PRJ00558,STU0227,MongoDB,31
PRJ00559,STU0182,Java,78
PRJ00559,STU0182,SQL,10
PRJ00560,STU0015,Docker,24
PRJ00560,STU0015,Git,77
PRJ00560,STU0015,Node.js,37
PRJ00561,STU0315,Docker,29
PRJ00561,STU0315,Git,41
PRJ00561,STU0315,Node.js,57
PRJ00562,STU0192,Java,36
PRJ00562,STU0192,SQL,15
PRJ00563,STU0207,Python,65
PRJ00563,STU0207,FastAPI,75
PRJ00563,STU0207,Machine Learning,75
PRJ00564,STU0430,Python,53
PRJ00564,STU0430,FastAPI,64
PRJ00564,STU0430,Machine Learning,78
PRJ00565,STU0055,Python,48
PRJ00565,STU0055,Machine Learning,97
PRJ00566,STU0354,Python,64
PRJ00566,STU0354,Machine Learning,72
PRJ00567,STU0262,React,62
PRJ00567,STU0262,Node.js,91
PRJ00567,STU0262,MongoDB,73
PRJ00568,STU0288,React,74
PRJ00568,STU0288,Node.js,12
PRJ00568,STU0288,MongoDB,88
PRJ00569,STU0328,Java,61
PRJ00569,STU0328,SQL,45
PRJ00570,STU0480,Python,51
PRJ00570,STU0480,FastAPI,80
PRJ00570,STU0480,Machine Learning,38
PRJ00571,STU0001,Java,71
PRJ00571,STU0001,SQL,44
PRJ00572,STU0105,JavaScript,45
PRJ00572,STU0105,React,83
PRJ00572,STU0105,Node.js,51
PRJ00572,STU0105,SQL,83
PRJ00573,STU0201,Python,70
PRJ00573,STU0201,FastAPI,52
PRJ00573,STU0201,Machine Learning,28
PRJ00574,STU0095,Java,20
PRJ00574,STU0095,SQL,39
PRJ00575,STU0349,Python,55
PRJ00575,STU0349,Firebase,91
PRJ00576,STU0012,Java,35
PRJ00576,STU0012,SQL,20
PRJ00577,STU0380,React,71
PRJ00577,STU0380,Node.js,51
PRJ00577,STU0380,MongoDB,54
PRJ00578,STU0149,Python,97
PRJ00578,STU0149,FastAPI,100
PRJ00578,STU0149,Machine Learning,52
PRJ00579,STU0141,Java,86
PRJ00579,STU0141,SQL,90
PRJ00580,STU0417,Java,30
PRJ00580,STU0417,SQL,74
PRJ00581,STU0062,React,99
PRJ00581,STU0062,Firebase,89
PRJ00582,STU0018,Python,72
PRJ00582,STU0018,FastAPI,45
PRJ00582,STU0018,Machine Learning,78
PRJ00583,STU0240,Docker,100
PRJ00583,STU0240,Git,68
PRJ00583,STU0240,Node.js,45
PRJ00584,STU0184,HTML/CSS,21
PRJ00584,STU0184,JavaScript,97
PRJ00585,STU0263,JavaScript,18
PRJ00585,STU0263,React,100
PRJ00585,STU0263,Node.js,91
PRJ00585,STU0263,SQL,47
PRJ00586,STU0369,React,77
PRJ00586,STU0369,Firebase,59
PRJ00587,STU0402,Python,97
PRJ00587,STU0402,Machine Learning,30
PRJ00587,STU0402,Data Science,64
PRJ00588,STU0248,Java,66
PRJ00588,STU0248,SQL,51
PRJ00589,STU0475,HTML/CSS,25
PRJ00589,STU0475,JavaScript,93
PRJ00590,STU0490,React,25
PRJ00590,STU0490,Firebase,88
PRJ00591,STU0016,Java,89
PRJ00591,STU0016,SQL,73
PRJ00592,STU0055,Python,64
PRJ00592,STU0055,Firebase,42
PRJ00593,STU0408,Python,52
PRJ00593,STU0408,Data Science,38
PRJ00593,STU0408,SQL,44
PRJ00594,STU0473,JavaScript,88
PRJ00594,STU0473,React,62
PRJ00594,STU0473,Node.js,55
PRJ00594,STU0473,SQL,50
PRJ00595,STU0434,React,19
PRJ00595,STU0434,Node.js,55
PRJ00595,STU0434,MongoDB,92
PRJ00596,STU0324,Java,65
PRJ00596,STU0324,SQL,49
PRJ00597,STU0358,Python,24
PRJ00597,STU0358,Firebase,88
PRJ00598,STU0103,Python,61
PRJ00598,STU0103,Data Science,66
PRJ00598,STU0103,SQL,77
PRJ00599,STU0147,Python,86
PRJ00599,STU0147,Data Science,64
PRJ00599,STU0147,SQL,40
PRJ00600,STU0415,Python,11
PRJ00600,STU0415,Machine Learning,16
PRJ00600,STU0415,Data Science,82
PRJ00601,STU0323,Python,36
PRJ00601,STU0323,FastAPI,54
PRJ00601,STU0323,Machine Learning,74
PRJ00602,STU0458,Python,33
PRJ00602,STU0458,FastAPI,17
PRJ00602,STU0458,Machine Learning,24
PRJ00603,STU0443,JavaScript,60
PRJ00603,STU0443,React,34
PRJ00603,STU0443,Node.js,14
PRJ00603,STU0443,SQL,20
PRJ00604,STU0098,Java,51
PRJ00604,STU0098,SQL,83
PRJ00605,STU0183,React,70
PRJ00605,STU0183,Firebase,93
PRJ00606,STU0321,Java,91
PRJ00606,STU0321,SQL,29
PRJ00607,STU0401,HTML/CSS,32
PRJ00607,STU0401,JavaScript,45
PRJ00608,STU0119,Python,28
PRJ00608,STU0119,FastAPI,26
PRJ00608,STU0119,Machine Learning,77
PRJ00609,STU0473,Java,45
PRJ00609,STU0473,SQL,79
PRJ00610,STU0447,Java,37
PRJ00610,STU0447,SQL,49
PRJ00611,STU0295,Python,94
PRJ00611,STU0295,Data Science,86
PRJ00611,STU0295,SQL,31
PRJ00612,STU0280,React,71
PRJ00612,STU0280,Node.js,58
PRJ00612,STU0280,MongoDB,62
PRJ00613,STU0016,Python,80
PRJ00613,STU0016,FastAPI,16
PRJ00613,STU0016,Machine Learning,82
PRJ00614,STU0172,Docker,90
PRJ00614,STU0172,Git,76
PRJ00614,STU0172,Node.js,42
PRJ00615,STU0419,React,65
PRJ00615,STU0419,Node.js,93
PRJ00615,STU0419,MongoDB,98
PRJ00616,STU0038,Python,16
PRJ00616,STU0038,Machine Learning,20
PRJ00616,STU0038,Data Science,91
PRJ00617,STU0307,React,74
PRJ00617,STU0307,Node.js,14
PRJ00617,STU0307,MongoDB,45
PRJ00618,STU0139,React,11
PRJ00618,STU0139,Node.js,36
PRJ00618,STU0139,MongoDB,35
PRJ00619,STU0260,Python,48
PRJ00619,STU0260,Data Science,80
PRJ00619,STU0260,SQL,10
PRJ00620,STU0401,Java,19
PRJ00620,STU0401,SQL,52
PRJ00621,STU0397,Python,38
PRJ00621,STU0397,Machine Learning,66
PRJ00621,STU0397,Data Science,40
PRJ00622,STU0350,Python,57
PRJ00622,STU0350,FastAPI,77
PRJ00622,STU0350,Machine Learning,61
PRJ00623,STU0199,Python,61
PRJ00623,STU0199,Machine Learning,72
PRJ00623,STU0199,Data Science,23
PRJ00624,STU0219,HTML/CSS,54
PRJ00624,STU0219,JavaScript,51
PRJ00625,STU0460,React,43
PRJ00625,STU0460,Firebase,44
PRJ00626,STU0224,Docker,63
PRJ00626,STU0224,Git,12
PRJ00626,STU0224,Node.js,54
PRJ00627,STU0302,Python,41
PRJ00627,STU0302,FastAPI,84
PRJ00627,STU0302,Machine Learning,29
PRJ00628,STU0024,Python,60
PRJ00628,STU0024,Machine Learning,15
PRJ00628,STU0024,Data Science,88
PRJ00629,STU0030,Java,65
PRJ00629,STU0030,SQL,72
PRJ00630,STU0161,Python,44
PRJ00630,STU0161,Machine Learning,61
PRJ00631,STU0204,Python,91
PRJ00631,STU0204,Firebase,99
PRJ00632,STU0481,HTML/CSS,27
PRJ00632,STU0481,JavaScript,73
PRJ00633,STU0228,React,27
PRJ00633,STU0228,Node.js,16
PRJ00633,STU0228,MongoDB,90
PRJ00634,STU0445,Python,52
PRJ00634,STU0445,FastAPI,36
PRJ00634,STU0445,Machine Learning,60
PRJ00635,STU0358,HTML/CSS,99
PRJ00635,STU0358,JavaScript,48
PRJ00636,STU0362,React,89
PRJ00636,STU0362,Firebase,83
PRJ00637,STU0467,Java,18
PRJ00637,STU0467,SQL,23
PRJ00638,STU0063,Python,86
PRJ00638,STU0063,Machine Learning,98
PRJ00639,STU0226,Python,29
PRJ00639,STU0226,FastAPI,100
PRJ00639,STU0226,Machine Learning,77
PRJ00640,STU0429,Python,54
PRJ00640,STU0429,FastAPI,62
PRJ00640,STU0429,Machine Learning,66
PRJ00641,STU0154,Java,90
PRJ00641,STU0154,SQL,97
PRJ00642,STU0197,Python,29
PRJ00642,STU0197,Firebase,74
PRJ00643,STU0023,Python,56
PRJ00643,STU0023,Data Science,15
PRJ00643,STU0023,SQL,31
PRJ00644,STU0221,HTML/CSS,20
PRJ00644,STU0221,JavaScript,55
PRJ00645,STU0391,Python,51
PRJ00645,STU0391,Machine Learning,93
PRJ00646,STU0111,Python,94
PRJ00646,STU0111,Machine Learning,37
PRJ00646,STU0111,Data Science,81
PRJ00647,STU0444,Java,41
PRJ00647,STU0444,SQL,12
PRJ00648,STU0488,React,96
PRJ00648,STU0488,Node.js,73
PRJ00648,STU0488,MongoDB,68
PRJ00649,STU0294,React,53
PRJ00649,STU0294,Node.js,50
PRJ00649,STU0294,MongoDB,80
PRJ00650,STU0382,Docker,27
PRJ00650,STU0382,Git,21
PRJ00650,STU0382,Node.js,30
PRJ00651,STU0410,Python,59
PRJ00651,STU0410,FastAPI,33
PRJ00651,STU0410,Machine Learning,63
PRJ00652,STU0152,Python,43
PRJ00652,STU0152,Machine Learning,37
PRJ00653,STU0186,React,87
PRJ00653,STU0186,Node.js,57
PRJ00653,STU0186,MongoDB,60
PRJ00654,STU0292,Python,71
PRJ00654,STU0292,FastAPI,92
PRJ00654,STU0292,Machine Learning,75
PRJ00655,STU0237,Python,44
PRJ00655,STU0237,FastAPI,46
PRJ00655,STU0237,Machine Learning,60
PRJ00656,STU0495,Python,10
PRJ00656,STU0495,Machine Learning,67
PRJ00657,STU0030,React,81
PRJ00657,STU0030,Firebase,88
PRJ00658,STU0161,JavaScript,12
PRJ00658,STU0161,React,71
PRJ00658,STU0161,Node.js,53
PRJ00658,STU0161,SQL,20
PRJ00659,STU0133,Java,95
PRJ00659,STU0133,SQL,82
PRJ00660,STU0090,Java,99
PRJ00660,STU0090,SQL,82
PRJ00661,STU0020,Java,22
PRJ00661,STU0020,SQL,87
PRJ00662,STU0368,Python,74
PRJ00662,STU0368,Data Science,18
PRJ00662,STU0368,SQL,68
PRJ00663,STU0348,Java,71
PRJ00663,STU0348,SQL,57
PRJ00664,STU0121,Python,57
PRJ00664,STU0121,Machine Learning,18
PRJ00665,STU0058,HTML/CSS,29
PRJ00665,STU0058,JavaScript,83
PRJ00666,STU0293,Python,96
PRJ00666,STU0293,Machine Learning,98
PRJ00667,STU0074,Python,45
PRJ00667,STU0074,FastAPI,48
PRJ00667,STU0074,Machine Learning,22
PRJ00668,STU0460,Python,49
PRJ00668,STU0460,FastAPI,87
PRJ00668,STU0460,Machine Learning,31
PRJ00669,STU0016,Java,53
PRJ00669,STU0016,SQL,36
PRJ00670,STU0467,React,96
PRJ00670,STU0467,Firebase,22
PRJ00671,STU0414,Python,64
PRJ00671,STU0414,Machine Learning,45
PRJ00672,STU0017,Python,89
PRJ00672,STU0017,FastAPI,79
PRJ00672,STU0017,Machine Learning,32
PRJ00673,STU0491,Docker,76
PRJ00673,STU0491,Git,96
PRJ00673,STU0491,Node.js,41
PRJ00674,STU0323,HTML/CSS,76
PRJ00674,STU0323,JavaScript,92
PRJ00675,STU0409,Python,53
PRJ00675,STU0409,FastAPI,94
PRJ00675,STU0409,Machine Learning,83
PRJ00676,STU0163,React,70
PRJ00676,STU0163,Node.js,44
PRJ00676,STU0163,MongoDB,66
PRJ00677,STU0125,Python,66
PRJ00677,STU0125,Machine Learning,65
PRJ00677,STU0125,Data Science,54
PRJ00678,STU0384,JavaScript,58
PRJ00678,STU0384,React,50
PRJ00678,STU0384,Node.js,84
PRJ00678,STU0384,SQL,14
PRJ00679,STU0041,Python,71
PRJ00679,STU0041,Machine Learning,12
PRJ00680,STU0118,Python,56
PRJ00680,STU0118,Firebase,51
PRJ00681,STU0474,HTML/CSS,48
PRJ00681,STU0474,JavaScript,88
PRJ00682,STU0071,React,43
PRJ00682,STU0071,Firebase,93
PRJ00683,STU0061,JavaScript,100
PRJ00683,STU0061,React,36
PRJ00683,STU0061,Node.js,91
PRJ00683,STU0061,SQL,49
PRJ00684,STU0295,Python,38
PRJ00684,STU0295,Firebase,65
PRJ00685,STU0086,JavaScript,78
PRJ00685,STU0086,React,70
PRJ00685,STU0086,Node.js,94
PRJ00685,STU0086,SQL,73
PRJ00686,STU0477,Python,23
PRJ00686,STU0477,Firebase,53
PRJ00687,STU0013,React,62
PRJ00687,STU0013,Node.js,82
PRJ00687,STU0013,MongoDB,32
PRJ00688,STU0444,HTML/CSS,28
PRJ00688,STU0444,JavaScript,10
PRJ00689,STU0206,React,84
PRJ00689,STU0206,Node.js,44
PRJ00689,STU0206,MongoDB,88
PRJ00690,STU0460,Java,16
PRJ00690,STU0460,SQL,72
PRJ00691,STU0379,Docker,61
PRJ00691,STU0379,Git,98
PRJ00691,STU0379,Node.js,40
PRJ00692,STU0231,React,48
PRJ00692,STU0231,Node.js,24
PRJ00692,STU0231,MongoDB,54
PRJ00693,STU0069,React,36
PRJ00693,STU0069,Node.js,56
PRJ00693,STU0069,MongoDB,85
PRJ00694,STU0459,Python,69
PRJ00694,STU0459,FastAPI,69
PRJ00694,STU0459,Machine Learning,25
PRJ00695,STU0225,Java,16
PRJ00695,STU0225,SQL,94
PRJ00696,STU0253,Python,16
PRJ00696,STU0253,Machine Learning,24
PRJ00697,STU0297,HTML/CSS,25
PRJ00697,STU0297,JavaScript,52
PRJ00698,STU0164,Python,92
PRJ00698,STU0164,Machine Learning,42
PRJ00698,STU0164,Data Science,69
PRJ00699,STU0452,React,68
PRJ00699,STU0452,Node.js,39
PRJ00699,STU0452,MongoDB,46
PRJ00700,STU0295,Docker,88
PRJ00700,STU0295,Git,43
PRJ00700,STU0295,Node.js,40
PRJ00701,STU0085,JavaScript,94
PRJ00701,STU0085,React,19
PRJ00701,STU0085,Node.js,94
PRJ00701,STU0085,SQL,43
PRJ00702,STU0115,Docker,98
PRJ00702,STU0115,Git,78
PRJ00702,STU0115,Node.js,71
PRJ00703,STU0386,JavaScript,27
PRJ00703,STU0386,React,32
PRJ00703,STU0386,Node.js,55
PRJ00703,STU0386,SQL,56
PRJ00704,STU0106,HTML/CSS,69
PRJ00704,STU0106,JavaScript,74
PRJ00705,STU0492,Docker,53
PRJ00705,STU0492,Git,61
PRJ00705,STU0492,Node.js,42
PRJ00706,STU0190,Python,23
PRJ00706,STU0190,Data Science,38
PRJ00706,STU0190,SQL,53
PRJ00707,STU0065,Java,44
PRJ00707,STU0065,SQL,92
PRJ00708,STU0362,Docker,91
PRJ00708,STU0362,Git,72
PRJ00708,STU0362,Node.js,49
PRJ00709,STU0135,JavaScript,22
PRJ00709,STU0135,React,60
PRJ00709,STU0135,Node.js,78
PRJ00709,STU0135,SQL,52
PRJ00710,STU0412,JavaScript,93
PRJ00710,STU0412,React,57
PRJ00710,STU0412,Node.js,69
PRJ00710,STU0412,SQL,37
PRJ00711,STU0260,Python,89
PRJ00711,STU0260,Machine Learning,95
PRJ00712,STU0398,JavaScript,50
PRJ00712,STU0398,React,29
PRJ00712,STU0398,Node.js,40
PRJ00712,STU0398,SQL,28
PRJ00713,STU0478,React,78
PRJ00713,STU0478,Node.js,56
PRJ00713,STU0478,MongoDB,57
PRJ00714,STU0429,Docker,54
PRJ00714,STU0429,Git,80
PRJ00714,STU0429,Node.js,12
PRJ00715,STU0301,Java,96
PRJ00715,STU0301,SQL,84
PRJ00716,STU0078,Python,54
PRJ00716,STU0078,Firebase,72
PRJ00717,STU0102,Python,86
PRJ00717,STU0102,FastAPI,48
PRJ00717,STU0102,Machine Learning,72
PRJ00718,STU0223,JavaScript,56
PRJ00718,STU0223,React,74
PRJ00718,STU0223,Node.js,22
PRJ00718,STU0223,SQL,93
PRJ00719,STU0364,Java,62
PRJ00719,STU0364,SQL,61
PRJ00720,STU0195,Python,15
PRJ00720,STU0195,FastAPI,29
PRJ00720,STU0195,Machine Learning,77
PRJ00721,STU0337,Java,43
PRJ00721,STU0337,SQL,90
PRJ00722,STU0249,Python,91
PRJ00722,STU0249,Firebase,25
PRJ00723,STU0152,JavaScript,34
PRJ00723,STU0152,React,62
PRJ00723,STU0152,Node.js,31
PRJ00723,STU0152,SQL,40
PRJ00724,STU0497,Python,37
PRJ00724,STU0497,Firebase,93
PRJ00725,STU0091,Python,91
PRJ00725,STU0091,Firebase,48
PRJ00726,STU0204,React,66
PRJ00726,STU0204,Node.js,10
PRJ00726,STU0204,MongoDB,48
PRJ00727,STU0211,Python,12
PRJ00727,STU0211,FastAPI,69
PRJ00727,STU0211,Machine Learning,23
PRJ00728,STU0260,Python,42
PRJ00728,STU0260,Data Science,61
PRJ00728,STU0260,SQL,85
PRJ00729,STU0134,Python,66
PRJ00729,STU0134,FastAPI,91
PRJ00729,STU0134,Machine Learning,22
PRJ00730,STU0218,Java,42
PRJ00730,STU0218,SQL,73
PRJ00731,STU0373,Python,95
PRJ00731,STU0373,Data Science,85
PRJ00731,STU0373,SQL,72
PRJ00732,STU0210,Python,98
PRJ00732,STU0210,Data Science,41
PRJ00732,STU0210,SQL,47
PRJ00733,STU0057,React,25
PRJ00733,STU0057,Firebase,81
PRJ00734,STU0011,React,54
PRJ00734,STU0011,Node.js,50
PRJ00734,STU0011,MongoDB,83
PRJ00735,STU0171,Docker,53
PRJ00735,STU0171,Git,15
PRJ00735,STU0171,Node.js,76
PRJ00736,STU0026,HTML/CSS,37
PRJ00736,STU0026,JavaScript,73
PRJ00737,STU0081,Java,46
PRJ00737,STU0081,SQL,57
PRJ00738,STU0467,Python,61
PRJ00738,STU0467,Machine Learning,14
PRJ00739,STU0376,Python,25
PRJ00739,STU0376,Data Science,69
PRJ00739,STU0376,SQL,13
PRJ00740,STU0053,HTML/CSS,34
PRJ00740,STU0053,JavaScript,87
PRJ00741,STU0145,React,59
PRJ00741,STU0145,Node.js,22
PRJ00741,STU0145,MongoDB,12
PRJ00742,STU0140,React,19
PRJ00742,STU0140,Node.js,68
PRJ00742,STU0140,MongoDB,54
PRJ00743,STU0419,React,88
PRJ00743,STU0419,Node.js,96
PRJ00743,STU0419,MongoDB,13
PRJ00744,STU0259,React,94
PRJ00744,STU0259,Node.js,15
PRJ00744,STU0259,MongoDB,23
PRJ00745,STU0426,HTML/CSS,66
PRJ00745,STU0426,JavaScript,14
PRJ00746,STU0100,Java,59
PRJ00746,STU0100,SQL,68
PRJ00747,STU0381,Python,83
PRJ00747,STU0381,FastAPI,92
PRJ00747,STU0381,Machine Learning,44
PRJ00748,STU0052,React,83
PRJ00748,STU0052,Node.js,14
PRJ00748,STU0052,MongoDB,72
PRJ00749,STU0048,Python,79
PRJ00749,STU0048,Data Science,65
PRJ00749,STU0048,SQL,99
PRJ00750,STU0146,Docker,86
PRJ00750,STU0146,Git,32
PRJ00750,STU0146,Node.js,77
PRJ00751,STU0373,Java,50
PRJ00751,STU0373,SQL,50
PRJ00752,STU0115,React,97
PRJ00752,STU0115,Firebase,22
PRJ00753,STU0190,Python,60
PRJ00753,STU0190,Firebase,100
PRJ00754,STU0415,Python,29
PRJ00754,STU0415,FastAPI,24
PRJ00754,STU0415,Machine Learning,56
PRJ00755,STU0107,Java,84
PRJ00755,STU0107,SQL,40
PRJ00756,STU0207,React,95
PRJ00756,STU0207,Firebase,80
PRJ00757,STU0031,Python,84
PRJ00757,STU0031,Machine Learning,64
PRJ00757,STU0031,Data Science,66
PRJ00758,STU0380,Python,61
PRJ00758,STU0380,Machine Learning,96
PRJ00759,STU0290,React,41
PRJ00759,STU0290,Firebase,55
PRJ00760,STU0108,Python,35
PRJ00760,STU0108,Machine Learning,64
PRJ00760,STU0108,Data Science,72
PRJ00761,STU0492,Python,40
PRJ00761,STU0492,FastAPI,57
PRJ00761,STU0492,Machine Learning,96
PRJ00762,STU0248,HTML/CSS,55
PRJ00762,STU0248,JavaScript,100
PRJ00763,STU0040,Java,77
PRJ00763,STU0040,SQL,86
PRJ00764,STU0384,JavaScript,62
PRJ00764,STU0384,React,15
PRJ00764,STU0384,Node.js,72
PRJ00764,STU0384,SQL,17
PRJ00765,STU0020,Docker,68
PRJ00765,STU0020,Git,26
PRJ00765,STU0020,Node.js,27
PRJ00766,STU0412,HTML/CSS,78
PRJ00766,STU0412,JavaScript,78
PRJ00767,STU0205,Python,37
PRJ00767,STU0205,FastAPI,44
PRJ00767,STU0205,Machine Learning,20
PRJ00768,STU0369,Docker,37
PRJ00768,STU0369,Git,39
PRJ00768,STU0369,Node.js,54
PRJ00769,STU0456,Python,23
PRJ00769,STU0456,Machine Learning,34
PRJ00770,STU0351,Python,88
PRJ00770,STU0351,Data Science,10
PRJ00770,STU0351,SQL,19
PRJ00771,STU0242,Python,44
PRJ00771,STU0242,Firebase,34
PRJ00772,STU0269,React,16
PRJ00772,STU0269,Node.js,87
PRJ00772,STU0269,MongoDB,69
PRJ00773,STU0092,Java,49
PRJ00773,STU0092,SQL,31
PRJ00774,STU0360,Python,73
PRJ00774,STU0360,Data Science,91
PRJ00774,STU0360,SQL,49
PRJ00775,STU0170,JavaScript,88
PRJ00775,STU0170,React,39
PRJ00775,STU0170,Node.js,65
PRJ00775,STU0170,SQL,61
PRJ00776,STU0035,Python,96
PRJ00776,STU0035,Machine Learning,38
PRJ00777,STU0141,React,50
PRJ00777,STU0141,Node.js,71
PRJ00777,STU0141,MongoDB,82
PRJ00778,STU0393,Java,62
PRJ00778,STU0393,SQL,66
PRJ00779,STU0338,Python,18
PRJ00779,STU0338,Data Science,98
PRJ00779,STU0338,SQL,44
PRJ00780,STU0111,React,76
PRJ00780,STU0111,Node.js,12
PRJ00780,STU0111,MongoDB,35
PRJ00781,STU0065,Python,100
PRJ00781,STU0065,Machine Learning,95
PRJ00781,STU0065,Data Science,11
PRJ00782,STU0310,React,95
PRJ00782,STU0310,Node.js,16
PRJ00782,STU0310,MongoDB,68
PRJ00783,STU0402,Python,96
PRJ00783,STU0402,Data Science,39
PRJ00783,STU0402,SQL,56
PRJ00784,STU0074,Java,90
PRJ00784,STU0074,SQL,65
PRJ00785,STU0459,Python,56
PRJ00785,STU0459,FastAPI,81
PRJ00785,STU0459,Machine Learning,29
PRJ00786,STU0341,Python,59
PRJ00786,STU0341,Firebase,13
PRJ00787,STU0124,HTML/CSS,75
PRJ00787,STU0124,JavaScript,32
PRJ00788,STU0243,Python,53
PRJ00788,STU0243,Machine Learning,33
PRJ00789,STU0041,Docker,95
PRJ00789,STU0041,Git,63
PRJ00789,STU0041,Node.js,40
PRJ00790,STU0074,Java,70
PRJ00790,STU0074,SQL,85
PRJ00791,STU0356,Python,43
PRJ00791,STU0356,Machine Learning,100
PRJ00791,STU0356,Data Science,18
PRJ00792,STU0334,Python,28
PRJ00792,STU0334,Machine Learning,74
PRJ00793,STU0395,Python,76
PRJ00793,STU0395,FastAPI,59
PRJ00793,STU0395,Machine Learning,64
PRJ00794,STU0287,Docker,84
PRJ00794,STU0287,Git,23
PRJ00794,STU0287,Node.js,21
PRJ00795,STU0478,React,26
PRJ00795,STU0478,Node.js,96
PRJ00795,STU0478,MongoDB,26
PRJ00796,STU0270,Python,35
PRJ00796,STU0270,Data Science,31
PRJ00796,STU0270,SQL,19
PRJ00797,STU0467,Python,43
PRJ00797,STU0467,Machine Learning,90
PRJ00798,STU0140,Python,94
PRJ00798,STU0140,FastAPI,31
PRJ00798,STU0140,Machine Learning,51
PRJ00799,STU0357,React,30
PRJ00799,STU0357,Node.js,58
PRJ00799,STU0357,MongoDB,20
PRJ00800,STU0422,Python,23
PRJ00800,STU0422,FastAPI,84
PRJ00800,STU0422,Machine Learning,72
PRJ00801,STU0243,React,92
PRJ00801,STU0243,Node.js,79
PRJ00801,STU0243,MongoDB,82
PRJ00802,STU0314,Docker,28
PRJ00802,STU0314,Git,52
PRJ00802,STU0314,Node.js,89
PRJ00803,STU0215,Java,49
PRJ00803,STU0215,SQL,60
PRJ00804,STU0364,Python,50
PRJ00804,STU0364,FastAPI,67
PRJ00804,STU0364,Machine Learning,43
PRJ00805,STU0437,Python,90
PRJ00805,STU0437,Data Science,90
PRJ00805,STU0437,SQL,44
PRJ00806,STU0087,Docker,58
PRJ00806,STU0087,Git,57
PRJ00806,STU0087,Node.js,99
PRJ00807,STU0207,Java,37
PRJ00807,STU0207,SQL,33
PRJ00808,STU0076,React,57
PRJ00808,STU0076,Node.js,97
PRJ00808,STU0076,MongoDB,50
PRJ00809,STU0023,React,45
PRJ00809,STU0023,Node.js,46
PRJ00809,STU0023,MongoDB,19
PRJ00810,STU0326,React,24
PRJ00810,STU0326,Node.js,76
PRJ00810,STU0326,MongoDB,22
PRJ00811,STU0180,JavaScript,98
PRJ00811,STU0180,React,78
PRJ00811,STU0180,Node.js,95
PRJ00811,STU0180,SQL,99
PRJ00812,STU0045,React,53
PRJ00812,STU0045,Firebase,20
PRJ00813,STU0094,React,37
PRJ00813,STU0094,Node.js,58
PRJ00813,STU0094,MongoDB,67
PRJ00814,STU0321,Python,34
PRJ00814,STU0321,FastAPI,75
PRJ00814,STU0321,Machine Learning,12
PRJ00815,STU0192,Python,97
PRJ00815,STU0192,Firebase,53
PRJ00816,STU0329,Docker,28
PRJ00816,STU0329,Git,17
PRJ00816,STU0329,Node.js,36
PRJ00817,STU0195,React,80
PRJ00817,STU0195,Node.js,92
PRJ00817,STU0195,MongoDB,92
PRJ00818,STU0290,Python,79
PRJ00818,STU0290,Machine Learning,22
PRJ00819,STU0453,Python,98
PRJ00819,STU0453,Data Science,85
PRJ00819,STU0453,SQL,37
PRJ00820,STU0226,React,66
PRJ00820,STU0226,Node.js,64
PRJ00820,STU0226,MongoDB,75
PRJ00821,STU0187,Python,48
PRJ00821,STU0187,Machine Learning,22
PRJ00822,STU0198,Java,78
PRJ00822,STU0198,SQL,45
PRJ00823,STU0416,Python,73
PRJ00823,STU0416,FastAPI,20
PRJ00823,STU0416,Machine Learning,43
PRJ00824,STU0496,HTML/CSS,58
PRJ00824,STU0496,JavaScript,95
PRJ00825,STU0133,Python,27
PRJ00825,STU0133,Data Science,31
PRJ00825,STU0133,SQL,13
PRJ00826,STU0265,Python,19
PRJ00826,STU0265,FastAPI,43
PRJ00826,STU0265,Machine Learning,94
PRJ00827,STU0301,Python,76
PRJ00827,STU0301,Machine Learning,41
PRJ00828,STU0302,Docker,35
PRJ00828,STU0302,Git,41
PRJ00828,STU0302,Node.js,51
PRJ00829,STU0184,Java,44
PRJ00829,STU0184,SQL,17
PRJ00830,STU0172,Python,22
PRJ00830,STU0172,Machine Learning,24
PRJ00831,STU0084,Python,33
PRJ00831,STU0084,Firebase,66
PRJ00832,STU0234,React,31
PRJ00832,STU0234,Firebase,79
PRJ00833,STU0130,React,36
PRJ00833,STU0130,Node.js,59
PRJ00833,STU0130,MongoDB,11
PRJ00834,STU0206,React,35
PRJ00834,STU0206,Node.js,10
PRJ00834,STU0206,MongoDB,75
PRJ00835,STU0216,Java,71
PRJ00835,STU0216,SQL,60
PRJ00836,STU0084,HTML/CSS,47
PRJ00836,STU0084,JavaScript,69
PRJ00837,STU0483,HTML/CSS,71
PRJ00837,STU0483,JavaScript,15
PRJ00838,STU0340,Python,83
PRJ00838,STU0340,Machine Learning,11
PRJ00839,STU0411,Python,63
PRJ00839,STU0411,Machine Learning,94
PRJ00840,STU0001,Python,95
PRJ00840,STU0001,FastAPI,71
PRJ00840,STU0001,Machine Learning,65
PRJ00841,STU0158,JavaScript,23
PRJ00841,STU0158,React,79
PRJ00841,STU0158,Node.js,40
PRJ00841,STU0158,SQL,69
PRJ00842,STU0047,React,58
PRJ00842,STU0047,Node.js,28
PRJ00842,STU0047,MongoDB,87
PRJ00843,STU0003,Python,57
PRJ00843,STU0003,Firebase,10
PRJ00844,STU0282,Python,71
PRJ00844,STU0282,FastAPI,63
PRJ00844,STU0282,Machine Learning,93
PRJ00845,STU0193,Java,71
PRJ00845,STU0193,SQL,98
PRJ00846,STU0066,Python,18
PRJ00846,STU0066,Machine Learning,91
PRJ00847,STU0420,Python,63
PRJ00847,STU0420,FastAPI,33
PRJ00847,STU0420,Machine Learning,22
PRJ00848,STU0178,Python,73
PRJ00848,STU0178,Firebase,28
PRJ00849,STU0394,Python,15
PRJ00849,STU0394,Data Science,46
PRJ00849,STU0394,SQL,79
PRJ00850,STU0422,Python,77
PRJ00850,STU0422,FastAPI,76
PRJ00850,STU0422,Machine Learning,60
PRJ00851,STU0256,Python,81
PRJ00851,STU0256,Data Science,16
PRJ00851,STU0256,SQL,94
PRJ00852,STU0048,Python,48
PRJ00852,STU0048,Machine Learning,23
PRJ00853,STU0146,React,74
PRJ00853,STU0146,Node.js,59
PRJ00853,STU0146,MongoDB,83
PRJ00854,STU0491,Java,38
PRJ00854,STU0491,SQL,15
PRJ00855,STU0265,Java,38
PRJ00855,STU0265,SQL,95
PRJ00856,STU0352,React,30
PRJ00856,STU0352,Node.js,59
PRJ00856,STU0352,MongoDB,48
PRJ00857,STU0164,Java,93
PRJ00857,STU0164,SQL,52
PRJ00858,STU0335,Python,61
PRJ00858,STU0335,FastAPI,42
PRJ00858,STU0335,Machine Learning,88
PRJ00859,STU0218,React,64
PRJ00859,STU0218,Node.js,69
PRJ00859,STU0218,MongoDB,48
PRJ00860,STU0400,Python,23
PRJ00860,STU0400,Firebase,85
PRJ00861,STU0403,Java,88
PRJ00861,STU0403,SQL,20
PRJ00862,STU0041,Java,61
PRJ00862,STU0041,SQL,14
PRJ00863,STU0102,HTML/CSS,51
PRJ00863,STU0102,JavaScript,97
PRJ00864,STU0145,Python,39
PRJ00864,STU0145,FastAPI,87
PRJ00864,STU0145,Machine Learning,97
PRJ00865,STU0026,Docker,12
PRJ00865,STU0026,Git,59
PRJ00865,STU0026,Node.js,42
PRJ00866,STU0346,React,82
PRJ00866,STU0346,Node.js,14
PRJ00866,STU0346,MongoDB,82
PRJ00867,STU0151,Python,100
PRJ00867,STU0151,Machine Learning,72
PRJ00868,STU0153,Python,92
PRJ00868,STU0153,FastAPI,11
PRJ00868,STU0153,Machine Learning,39
PRJ00869,STU0019,HTML/CSS,48
PRJ00869,STU0019,JavaScript,26
PRJ00870,STU0274,JavaScript,53
PRJ00870,STU0274,React,94
PRJ00870,STU0274,Node.js,24
PRJ00870,STU0274,SQL,100
PRJ00871,STU0458,React,86
PRJ00871,STU0458,Node.js,67
PRJ00871,STU0458,MongoDB,97
PRJ00872,STU0471,Java,16
PRJ00872,STU0471,SQL,25
PRJ00873,STU0191,Python,80
PRJ00873,STU0191,FastAPI,18
PRJ00873,STU0191,Machine Learning,57
PRJ00874,STU0372,JavaScript,81
PRJ00874,STU0372,React,83
PRJ00874,STU0372,Node.js,22
PRJ00874,STU0372,SQL,34
PRJ00875,STU0012,Java,60
PRJ00875,STU0012,SQL,79
PRJ00876,STU0407,Python,28
PRJ00876,STU0407,Data Science,84
PRJ00876,STU0407,SQL,60
PRJ00877,STU0277,Java,69
PRJ00877,STU0277,SQL,11
PRJ00878,STU0243,Python,69
PRJ00878,STU0243,Data Science,45
PRJ00878,STU0243,SQL,32
PRJ00879,STU0257,Python,25
PRJ00879,STU0257,FastAPI,52
PRJ00879,STU0257,Machine Learning,41
PRJ00880,STU0146,React,18
PRJ00880,STU0146,Node.js,86
PRJ00880,STU0146,MongoDB,41
PRJ00881,STU0401,Java,91
PRJ00881,STU0401,SQL,60
PRJ00882,STU0307,Python,27
PRJ00882,STU0307,Machine Learning,53
PRJ00882,STU0307,Data Science,31
PRJ00883,STU0010,React,61
PRJ00883,STU0010,Node.js,10
PRJ00883,STU0010,MongoDB,27
PRJ00884,STU0148,React,32
PRJ00884,STU0148,Node.js,24
PRJ00884,STU0148,MongoDB,64
PRJ00885,STU0278,Java,83
PRJ00885,STU0278,SQL,13
PRJ00886,STU0175,Python,80
PRJ00886,STU0175,Machine Learning,100
PRJ00887,STU0438,React,75
PRJ00887,STU0438,Node.js,68
PRJ00887,STU0438,MongoDB,56
PRJ00888,STU0088,Python,45
PRJ00888,STU0088,FastAPI,75
PRJ00888,STU0088,Machine Learning,11
PRJ00889,STU0339,Java,28
PRJ00889,STU0339,SQL,87
PRJ00890,STU0043,Python,39
PRJ00890,STU0043,Data Science,35
PRJ00890,STU0043,SQL,57
PRJ00891,STU0232,Python,79
PRJ00891,STU0232,FastAPI,39
PRJ00891,STU0232,Machine Learning,74
PRJ00892,STU0300,Java,48
PRJ00892,STU0300,SQL,34
PRJ00893,STU0392,Python,97
PRJ00893,STU0392,FastAPI,89
PRJ00893,STU0392,Machine Learning,91
PRJ00894,STU0193,Docker,20
PRJ00894,STU0193,Git,10
PRJ00894,STU0193,Node.js,62
PRJ00895,STU0050,Java,56
PRJ00895,STU0050,SQL,67
PRJ00896,STU0149,Java,40
PRJ00896,STU0149,SQL,51
PRJ00897,STU0181,Python,20
PRJ00897,STU0181,Machine Learning,71
PRJ00897,STU0181,Data Science,49
PRJ00898,STU0164,Python,53
PRJ00898,STU0164,Machine Learning,42
PRJ00898,STU0164,Data Science,58
PRJ00899,STU0275,HTML/CSS,83
PRJ00899,STU0275,JavaScript,37
PRJ00900,STU0388,Python,98
PRJ00900,STU0388,Firebase,100
PRJ00901,STU0205,React,54
PRJ00901,STU0205,Node.js,25
PRJ00901,STU0205,MongoDB,13
PRJ00902,STU0336,Java,30
PRJ00902,STU0336,SQL,20
PRJ00903,STU0215,Java,48
PRJ00903,STU0215,SQL,16
PRJ00904,STU0115,Java,21
PRJ00904,STU0115,SQL,29
PRJ00905,STU0313,Python,79
PRJ00905,STU0313,Data Science,41
PRJ00905,STU0313,SQL,34
PRJ00906,STU0047,Python,21
PRJ00906,STU0047,Machine Learning,83
PRJ00907,STU0443,Python,52
PRJ00907,STU0443,Data Science,57
PRJ00907,STU0443,SQL,75
PRJ00908,STU0448,Python,91
PRJ00908,STU0448,Data Science,84
PRJ00908,STU0448,SQL,100
PRJ00909,STU0068,React,71
PRJ00909,STU0068,Node.js,82
PRJ00909,STU0068,MongoDB,84
PRJ00910,STU0237,Python,11
PRJ00910,STU0237,Firebase,38
PRJ00911,STU0499,Python,53
PRJ00911,STU0499,Firebase,87
PRJ00912,STU0237,React,68
PRJ00912,STU0237,Node.js,22
PRJ00912,STU0237,MongoDB,73
PRJ00913,STU0347,Java,73
PRJ00913,STU0347,SQL,20
PRJ00914,STU0491,React,72
PRJ00914,STU0491,Node.js,99
PRJ00914,STU0491,MongoDB,13
PRJ00915,STU0247,Java,34
PRJ00915,STU0247,SQL,14
PRJ00916,STU0394,Python,54
PRJ00916,STU0394,FastAPI,62
PRJ00916,STU0394,Machine Learning,74
PRJ00917,STU0333,Python,67
PRJ00917,STU0333,Firebase,17
PRJ00918,STU0434,React,83
PRJ00918,STU0434,Node.js,48
PRJ00918,STU0434,MongoDB,19
PRJ00919,STU0337,Python,26
PRJ00919,STU0337,Machine Learning,42
PRJ00920,STU0136,JavaScript,99
PRJ00920,STU0136,React,58
PRJ00920,STU0136,Node.js,10
PRJ00920,STU0136,SQL,52
PRJ00921,STU0252,Python,21
PRJ00921,STU0252,Machine Learning,60
PRJ00921,STU0252,Data Science,42
PRJ00922,STU0353,Python,79
PRJ00922,STU0353,Firebase,39
PRJ00923,STU0141,React,91
PRJ00923,STU0141,Firebase,90
PRJ00924,STU0148,Python,81
PRJ00924,STU0148,FastAPI,85
PRJ00924,STU0148,Machine Learning,51
PRJ00925,STU0366,React,36
PRJ00925,STU0366,Node.js,40
PRJ00925,STU0366,MongoDB,67
PRJ00926,STU0157,Python,59
PRJ00926,STU0157,Firebase,81
PRJ00927,STU0413,React,43
PRJ00927,STU0413,Node.js,24
PRJ00927,STU0413,MongoDB,81
PRJ00928,STU0440,Java,68
PRJ00928,STU0440,SQL,61
PRJ00929,STU0299,React,68
PRJ00929,STU0299,Node.js,69
PRJ00929,STU0299,MongoDB,95
PRJ00930,STU0370,HTML/CSS,65
PRJ00930,STU0370,JavaScript,17
PRJ00931,STU0498,Python,11
PRJ00931,STU0498,Machine Learning,59
PRJ00932,STU0192,Java,45
PRJ00932,STU0192,SQL,38
PRJ00933,STU0090,Python,49
PRJ00933,STU0090,Firebase,51
PRJ00934,STU0116,React,93
PRJ00934,STU0116,Node.js,85
PRJ00934,STU0116,MongoDB,68
PRJ00935,STU0312,Python,96
PRJ00935,STU0312,Machine Learning,91
PRJ00935,STU0312,Data Science,95
PRJ00936,STU0236,React,39
PRJ00936,STU0236,Firebase,20
PRJ00937,STU0104,Python,91
PRJ00937,STU0104,Machine Learning,70
PRJ00938,STU0260,JavaScript,40
PRJ00938,STU0260,React,15
PRJ00938,STU0260,Node.js,39
PRJ00938,STU0260,SQL,38
PRJ00939,STU0276,Java,32
PRJ00939,STU0276,SQL,43
PRJ00940,STU0268,Python,84
PRJ00940,STU0268,Data Science,63
PRJ00940,STU0268,SQL,67
PRJ00941,STU0480,Python,52
PRJ00941,STU0480,FastAPI,73
PRJ00941,STU0480,Machine Learning,43
PRJ00942,STU0021,React,53
PRJ00942,STU0021,Firebase,24
PRJ00943,STU0381,Python,10
PRJ00943,STU0381,Data Science,48
PRJ00943,STU0381,SQL,79
PRJ00944,STU0032,Python,45
PRJ00944,STU0032,Data Science,78
PRJ00944,STU0032,SQL,15
PRJ00945,STU0245,Python,85
PRJ00945,STU0245,Firebase,48
PRJ00946,STU0405,Python,99
PRJ00946,STU0405,FastAPI,66
PRJ00946,STU0405,Machine Learning,37
PRJ00947,STU0227,JavaScript,24
PRJ00947,STU0227,React,79
PRJ00947,STU0227,Node.js,21
PRJ00947,STU0227,SQL,54
PRJ00948,STU0302,Python,59
PRJ00948,STU0302,Data Science,12
PRJ00948,STU0302,SQL,53
PRJ00949,STU0298,Java,47
PRJ00949,STU0298,SQL,30
PRJ00950,STU0413,Python,71
PRJ00950,STU0413,FastAPI,16
PRJ00950,STU0413,Machine Learning,68
PRJ00951,STU0308,React,86
PRJ00951,STU0308,Node.js,84
PRJ00951,STU0308,MongoDB,56
PRJ00952,STU0248,HTML/CSS,84
PRJ00952,STU0248,JavaScript,48
PRJ00953,STU0128,Python,71
PRJ00953,STU0128,Machine Learning,62
PRJ00954,STU0321,Python,25
PRJ00954,STU0321,Firebase,23
PRJ00955,STU0164,Docker,23
PRJ00955,STU0164,Git,16
PRJ00955,STU0164,Node.js,71
PRJ00956,STU0034,Python,83
PRJ00956,STU0034,Machine Learning,70
PRJ00956,STU0034,Data Science,60
PRJ00957,STU0176,Python,49
PRJ00957,STU0176,FastAPI,67
PRJ00957,STU0176,Machine Learning,56
PRJ00958,STU0110,React,47
PRJ00958,STU0110,Node.js,96
PRJ00958,STU0110,MongoDB,54
PRJ00959,STU0053,Python,63
PRJ00959,STU0053,FastAPI,53
PRJ00959,STU0053,Machine Learning,69
PRJ00960,STU0080,Python,29
PRJ00960,STU0080,Machine Learning,75
PRJ00961,STU0437,Java,82
PRJ00961,STU0437,SQL,68
PRJ00962,STU0335,React,29
PRJ00962,STU0335,Firebase,31
PRJ00963,STU0242,Docker,59
PRJ00963,STU0242,Git,97
PRJ00963,STU0242,Node.js,83
PRJ00964,STU0171,React,36
PRJ00964,STU0171,Node.js,47
PRJ00964,STU0171,MongoDB,74
PRJ00965,STU0218,React,53
PRJ00965,STU0218,Firebase,44
PRJ00966,STU0029,Java,97
PRJ00966,STU0029,SQL,13
PRJ00967,STU0010,Java,36
PRJ00967,STU0010,SQL,84
PRJ00968,STU0427,Python,11
PRJ00968,STU0427,Machine Learning,87
PRJ00969,STU0167,HTML/CSS,74
PRJ00969,STU0167,JavaScript,43
PRJ00970,STU0226,Java,97
PRJ00970,STU0226,SQL,58
PRJ00971,STU0083,Python,77
PRJ00971,STU0083,Machine Learning,54
PRJ00972,STU0200,React,63
PRJ00972,STU0200,Node.js,11
PRJ00972,STU0200,MongoDB,65
PRJ00973,STU0301,Java,58
PRJ00973,STU0301,SQL,85
PRJ00974,STU0176,React,86
PRJ00974,STU0176,Node.js,33
PRJ00974,STU0176,MongoDB,93
PRJ00975,STU0242,Java,62
PRJ00975,STU0242,SQL,18
PRJ00976,STU0448,Java,37
PRJ00976,STU0448,SQL,76
PRJ00977,STU0225,Python,26
PRJ00977,STU0225,Data Science,62
PRJ00977,STU0225,SQL,80
PRJ00978,STU0272,Java,70
PRJ00978,STU0272,SQL,14
PRJ00979,STU0446,Python,89
PRJ00979,STU0446,Machine Learning,66
PRJ00979,STU0446,Data Science,66
PRJ00980,STU0453,Python,68
PRJ00980,STU0453,Data Science,66
PRJ00980,STU0453,SQL,86
PRJ00981,STU0236,Python,57
PRJ00981,STU0236,Machine Learning,69
PRJ00982,STU0310,React,15
PRJ00982,STU0310,Node.js,93
PRJ00982,STU0310,MongoDB,36
PRJ00983,STU0211,Java,82
PRJ00983,STU0211,SQL,82
PRJ00984,STU0031,Docker,62
PRJ00984,STU0031,Git,28
PRJ00984,STU0031,Node.js,58
PRJ00985,STU0017,HTML/CSS,38
PRJ00985,STU0017,JavaScript,73
PRJ00986,STU0295,Python,69
PRJ00986,STU0295,Machine Learning,85
PRJ00987,STU0499,HTML/CSS,33
PRJ00987,STU0499,JavaScript,66
PRJ00988,STU0434,Java,18
PRJ00988,STU0434,SQL,95
PRJ00989,STU0098,Python,20
PRJ00989,STU0098,Machine Learning,17
PRJ00989,STU0098,Data Science,66
PRJ00990,STU0232,Docker,40
PRJ00990,STU0232,Git,55
PRJ00990,STU0232,Node.js,25
PRJ00991,STU0332,React,26
PRJ00991,STU0332,Firebase,80
PRJ00992,STU0379,Java,86
PRJ00992,STU0379,SQL,63
PRJ00993,STU0151,Python,32
PRJ00993,STU0151,FastAPI,33
PRJ00993,STU0151,Machine Learning,94
PRJ00994,STU0166,Java,14
PRJ00994,STU0166,SQL,62
PRJ00995,STU0346,Python,79
PRJ00995,STU0346,Machine Learning,93
PRJ00995,STU0346,Data Science,31
PRJ00996,STU0341,Python,46
PRJ00996,STU0341,Data Science,35
PRJ00996,STU0341,SQL,30
PRJ00997,STU0106,React,39
PRJ00997,STU0106,Node.js,34
PRJ00997,STU0106,MongoDB,97
PRJ00998,STU0309,Java,40
PRJ00998,STU0309,SQL,16
PRJ00999,STU0489,JavaScript,28
PRJ00999,STU0489,React,37
PRJ00999,STU0489,Node.js,88
PRJ00999,STU0489,SQL,85
PRJ01000,STU0107,Python,39
PRJ01000,STU0107,Data Science,42
PRJ01000,STU0107,SQL,45
