student_id,course_id,marks,grade
STU0001,CRS003,68,B
STU0001,CRS008,76,B+
STU0001,CRS007,93,A
STU0001,CRS014,64,C
STU0001,CRS012,75,B+
STU0002,CRS006,84,B+
STU0002,CRS012,62,C
STU0002,CRS015,72,B
STU0002,CRS007,83,B+
STU0002,CRS003,70,B
STU0002,CRS013,64,C
STU0002,CRS009,61,C
STU0002,CRS002,58,C
STU0002,CRS011,73,B
STU0002,CRS008,79,B+
STU0003,CRS007,87,A
STU0003,CRS004,84,B+
STU0003,CRS003,86,A
STU0003,CRS006,74,B
STU0003,CRS010,86,A
STU0003,CRS012,56,C
STU0003,CRS014,60,C
STU0003,CRS013,80,B+
STU0003,CRS009,87,A
STU0004,CRS004,93,A
STU0004,CRS015,96,A
STU0004,CRS010,98,A
STU0004,CRS006,85,A
STU0004,CRS001,73,B
STU0004,CRS011,89,A
STU0004,CRS005,55,C
STU0004,CRS008,61,C
STU0005,CRS003,58,C
STU0005,CRS005,91,A
STU0005,CRS012,90,A
STU0005,CRS006,67,B
STU0005,CRS007,78,B+
STU0005,CRS013,90,A
STU0005,CRS001,73,B
STU0005,CRS011,59,C
STU0006,CRS009,61,C
STU0006,CRS008,80,B+
STU0006,CRS013,78,B+
STU0006,CRS015,76,B+
STU0006,CRS005,90,A
STU0006,CRS010,78,B+
STU0006,CRS002,64,C
STU0006,CRS003,67,B
STU0007,CRS009,85,A
STU0007,CRS007,88,A
STU0007,CRS015,84,B+
STU0007,CRS001,64,C
STU0007,CRS012,93,A
STU0007,CRS011,87,A
STU0007,CRS003,63,C
STU0007,CRS006,75,B+
STU0007,CRS014,94,A
STU0008,CRS003,87,A
STU0008,CRS007,87,A
STU0008,CRS010,89,A
STU0008,CRS012,86,A
STU0008,CRS005,91,A
STU0008,CRS013,74,B
STU0008,CRS006,85,A
STU0009,CRS006,92,A
STU0009,CRS015,74,B
STU0009,CRS011,95,A
STU0009,CRS002,56,C
STU0009,CRS007,93,A
STU0010,CRS005,65,B
STU0010,CRS011,88,A
STU0010,CRS013,95,A
STU0010,CRS010,94,A
STU0010,CRS012,79,B+
STU0010,CRS004,64,C
STU0010,CRS001,98,A
STU0010,CRS008,70,B
STU0011,CRS010,83,B+
STU0011,CRS012,75,B+
STU0011,CRS002,81,B+
STU0011,CRS004,64,C
STU0011,CRS001,81,B+
STU0012,CRS004,97,A
STU0012,CRS007,85,A
STU0012,CRS009,88,A
STU0012,CRS010,79,B+
STU0012,CRS008,75,B+
STU0012,CRS001,66,B
STU0012,CRS003,84,B+
STU0012,CRS015,89,A
STU0012,CRS005,76,B+
STU0012,CRS013,89,A
STU0013,CRS011,67,B
STU0013,CRS013,70,B
STU0013,CRS012,72,B
STU0013,CRS015,90,A
STU0013,CRS014,74,B
STU0013,CRS005,69,B
STU0013,CRS008,74,B
STU0014,CRS012,77,B+
STU0014,CRS004,90,A
STU0014,CRS015,72,B
STU0014,CRS013,73,B
STU0014,CRS008,62,C
STU0014,CRS006,91,A
STU0014,CRS011,98,A
STU0015,CRS007,83,B+
STU0015,CRS015,96,A
STU0015,CRS006,71,B
STU0015,CRS003,85,A
STU0015,CRS005,68,B
STU0015,CRS001,67,B
STU0015,CRS011,89,A
STU0015,CRS002,72,B
STU0015,CRS012,90,A
STU0016,CRS005,69,B
STU0016,CRS003,95,A
STU0016,CRS002,69,B
STU0016,CRS010,58,C
STU0016,CRS012,61,C
STU0016,CRS004,81,B+
STU0016,CRS011,76,B+
STU0016,CRS001,85,A
STU0016,CRS006,61,C
STU0016,CRS015,98,A
STU0017,CRS001,85,A
STU0017,CRS009,96,A
STU0017,CRS003,67,B
STU0017,CRS007,73,B
STU0017,CRS011,75,B+
STU0017,CRS008,73,B
STU0018,CRS001,66,B
STU0018,CRS013,57,C
STU0018,CRS002,80,B+
STU0018,CRS011,86,A
STU0018,CRS010,66,B
STU0018,CRS004,73,B
STU0018,CRS009,57,C
STU0018,CRS015,55,C
STU0018,CRS014,74,B
STU0018,CRS012,91,A
STU0019,CRS002,87,A
STU0019,CRS006,84,B+
STU0019,CRS005,72,B
STU0019,CRS008,67,B
STU0019,CRS011,62,C
STU0019,CRS009,76,B+
STU0019,CRS010,65,B
STU0019,CRS012,84,B+
STU0019,CRS015,96,A
STU0020,CRS012,66,B
STU0020,CRS003,94,A
STU0020,CRS001,95,A
STU0020,CRS015,80,B+
STU0020,CRS006,82,B+
STU0020,CRS005,87,A
STU0020,CRS004,75,B+
STU0021,CRS007,85,A
STU0021,CRS011,75,B+
STU0021,CRS002,70,B
STU0021,CRS003,55,C
STU0021,CRS012,71,B
STU0022,CRS004,96,A
STU0022,CRS008,78,B+
STU0022,CRS013,70,B
STU0022,CRS005,58,C
STU0022,CRS006,97,A
STU0022,CRS012,62,C
STU0022,CRS001,84,B+
STU0022,CRS010,74,B
STU0023,CRS007,95,A
STU0023,CRS011,73,B
STU0023,CRS009,78,B+
STU0023,CRS012,94,A
STU0023,CRS005,69,B
STU0023,CRS002,69,B
STU0024,CRS008,81,B+
STU0024,CRS003,90,A
STU0024,CRS015,85,A
STU0024,CRS012,89,A
STU0024,CRS010,97,A
STU0024,CRS006,68,B
STU0025,CRS011,88,A
STU0025,CRS013,78,B+
STU0025,CRS010,59,C
STU0025,CRS002,91,A
STU0025,CRS009,62,C
STU0025,CRS008,58,C
STU0026,CRS015,88,A
STU0026,CRS009,83,B+
STU0026,CRS004,62,C
STU0026,CRS010,98,A
STU0026,CRS014,68,B
STU0026,CRS003,92,A
STU0026,CRS012,86,A
STU0026,CRS006,60,C
STU0026,CRS007,87,A
STU0027,CRS013,90,A
STU0027,CRS001,84,B+
STU0027,CRS008,98,A
STU0027,CRS003,74,B
STU0027,CRS009,56,C
STU0027,CRS007,80,B+
STU0027,CRS015,71,B
STU0027,CRS014,55,C
STU0028,CRS004,57,C
STU0028,CRS010,73,B
STU0028,CRS002,81,B+
STU0028,CRS001,66,B
STU0028,CRS007,63,C
STU0028,CRS006,96,A
STU0028,CRS013,96,A
STU0028,CRS012,81,B+
STU0028,CRS008,78,B+
STU0028,CRS015,79,B+
STU0029,CRS014,62,C
STU0029,CRS007,66,B
STU0029,CRS015,89,A
STU0029,CRS002,80,B+
STU0029,CRS011,88,A
STU0029,CRS009,63,C
STU0029,CRS003,69,B
STU0029,CRS006,55,C
STU0030,CRS005,82,B+
STU0030,CRS008,89,A
STU0030,CRS011,79,B+
STU0030,CRS012,69,B
STU0030,CRS009,70,B
STU0031,CRS006,70,B
STU0031,CRS003,68,B
STU0031,CRS005,59,C
STU0031,CRS004,61,C
STU0031,CRS002,93,A
STU0031,CRS001,57,C
STU0031,CRS007,83,B+
STU0031,CRS010,93,A
STU0032,CRS012,58,C
STU0032,CRS014,63,C
STU0032,CRS001,87,A
STU0032,CRS004,73,B
STU0032,CRS013,69,B
STU0032,CRS007,91,A
STU0032,CRS008,75,B+
STU0032,CRS015,91,A
STU0032,CRS005,93,A
STU0032,CRS002,98,A
STU0033,CRS004,74,B
STU0033,CRS005,72,B
STU0033,CRS003,58,C
STU0033,CRS011,90,A
STU0033,CRS009,92,A
STU0033,CRS015,66,B
STU0033,CRS007,95,A
STU0034,CRS007,81,B+
STU0034,CRS009,64,C
STU0034,CRS008,74,B
STU0034,CRS001,79,B+
STU0034,CRS006,66,B
STU0034,CRS015,89,A
STU0034,CRS014,85,A
STU0034,CRS011,70,B
STU0034,CRS013,69,B
STU0034,CRS004,74,B
STU0035,CRS003,71,B
STU0035,CRS013,68,B
STU0035,CRS008,76,B+
STU0035,CRS001,96,A
STU0035,CRS009,60,C
STU0035,CRS007,83,B+
STU0035,CRS010,78,B+
STU0035,CRS015,60,C
STU0035,CRS004,89,A
STU0035,CRS002,67,B
STU0036,CRS005,57,C
STU0036,CRS007,59,C
STU0036,CRS011,67,B
STU0036,CRS010,92,A
STU0036,CRS012,97,A
STU0037,CRS004,62,C
STU0037,CRS008,85,A
STU0037,CRS015,70,B
STU0037,CRS006,93,A
STU0037,CRS005,68,B
STU0037,CRS001,80,B+
STU0037,CRS013,70,B
STU0037,CRS009,90,A
STU0037,CRS012,75,B+
STU0038,CRS007,78,B+
STU0038,CRS008,87,A
STU0038,CRS009,86,A
STU0038,CRS011,84,B+
STU0038,CRS006,61,C
STU0038,CRS005,85,A
STU0038,CRS010,75,B+
STU0039,CRS006,64,C
STU0039,CRS015,56,C
STU0039,CRS007,71,B
STU0039,CRS001,90,A
STU0039,CRS010,92,A
STU0039,CRS004,92,A
STU0040,CRS007,96,A
STU0040,CRS005,98,A
STU0040,CRS003,76,B+
STU0040,CRS004,71,B
STU0040,CRS006,86,A
STU0040,CRS012,96,A
STU0040,CRS015,86,A
STU0040,CRS010,84,B+
STU0040,CRS008,65,B
STU0040,CRS014,77,B+
STU0041,CRS003,96,A
STU0041,CRS012,58,C
STU0041,CRS009,88,A
STU0041,CRS008,57,C
STU0041,CRS015,59,C
STU0041,CRS013,97,A
STU0042,CRS013,69,B
STU0042,CRS001,59,C
STU0042,CRS007,64,C
STU0042,CRS003,55,C
STU0042,CRS011,68,B
STU0043,CRS008,55,C
STU0043,CRS006,89,A
STU0043,CRS001,90,A
STU0043,CRS010,81,B+
STU0043,CRS011,55,C
STU0043,CRS012,56,C
STU0043,CRS015,88,A
STU0043,CRS009,72,B
STU0043,CRS013,89,A
STU0044,CRS001,61,C
STU0044,CRS009,88,A
STU0044,CRS012,64,C
STU0044,CRS011,70,B
STU0044,CRS007,67,B
STU0044,CRS003,94,A
STU0044,CRS002,88,A
STU0045,CRS014,84,B+
STU0045,CRS006,91,A
STU0045,CRS005,70,B
STU0045,CRS007,69,B
STU0045,CRS002,74,B
STU0045,CRS015,98,A
STU0045,CRS012,60,C
STU0046,CRS014,58,C
STU0046,CRS011,95,A
STU0046,CRS013,55,C
STU0046,CRS001,65,B
STU0046,CRS002,60,C
STU0046,CRS007,86,A
STU0046,CRS010,82,B+
STU0046,CRS009,96,A
STU0046,CRS005,76,B+
STU0046,CRS004,91,A
STU0047,CRS015,91,A
STU0047,CRS009,85,A
STU0047,CRS001,72,B
STU0047,CRS004,57,C
STU0047,CRS012,59,C
STU0048,CRS015,92,A
STU0048,CRS005,64,C
STU0048,CRS009,80,B+
STU0048,CRS010,59,C
STU0048,CRS011,74,B
STU0048,CRS001,65,B
STU0048,CRS003,91,A
STU0048,CRS006,70,B
STU0048,CRS012,91,A
STU0048,CRS002,79,B+
STU0049,CRS015,82,B+
STU0049,CRS009,69,B
STU0049,CRS006,59,C
STU0049,CRS007,76,B+
STU0049,CRS003,93,A
STU0049,CRS002,94,A
STU0049,CRS014,93,A
STU0049,CRS013,80,B+
STU0049,CRS001,75,B+
STU0049,CRS012,56,C
STU0050,CRS005,98,A
STU0050,CRS013,92,A
STU0050,CRS008,97,A
STU0050,CRS014,79,B+
STU0050,CRS004,60,C
STU0050,CRS006,94,A
STU0050,CRS009,73,B
STU0050,CRS007,70,B
STU0050,CRS011,59,C
STU0050,CRS002,60,C
STU0051,CRS003,78,B+
STU0051,CRS007,61,C
STU0051,CRS012,60,C
STU0051,CRS011,55,C
STU0051,CRS015,74,B
STU0051,CRS014,83,B+
STU0051,CRS006,78,B+
STU0052,CRS002,90,A
STU0052,CRS003,87,A
STU0052,CRS015,81,B+
STU0052,CRS014,61,C
STU0052,CRS007,56,C
STU0052,CRS008,60,C
STU0052,CRS009,77,B+
STU0053,CRS002,60,C
STU0053,CRS010,90,A
STU0053,CRS014,70,B
STU0053,CRS006,91,A
STU0053,CRS007,88,A
STU0053,CRS001,65,B
STU0053,CRS005,98,A
STU0053,CRS011,79,B+
STU0053,CRS004,65,B
STU0054,CRS005,65,B
STU0054,CRS015,82,B+
STU0054,CRS014,72,B
STU0054,CRS008,81,B+
STU0054,CRS003,74,B
STU0054,CRS002,85,A
STU0055,CRS006,86,A
STU0055,CRS005,93,A
STU0055,CRS004,94,A
STU0055,CRS012,67,B
STU0055,CRS011,84,B+
STU0056,CRS003,94,A
STU0056,CRS005,79,B+
STU0056,CRS001,76,B+
STU0056,CRS007,83,B+
STU0056,CRS006,76,B+
STU0057,CRS014,85,A
STU0057,CRS015,75,B+
STU0057,CRS011,66,B
STU0057,CRS010,80,B+
STU0057,CRS003,75,B+
STU0057,CRS005,73,B
STU0057,CRS006,95,A
STU0057,CRS004,86,A
STU0058,CRS013,67,B
STU0058,CRS004,92,A
STU0058,CRS006,89,A
STU0058,CRS007,66,B
STU0058,CRS005,98,A
STU0058,CRS012,90,A
STU0058,CRS015,56,C
STU0058,CRS002,84,B+
STU0058,CRS011,68,B
STU0059,CRS013,70,B
STU0059,CRS005,71,B
STU0059,CRS012,97,A
STU0059,CRS002,64,C
STU0059,CRS007,82,B+
STU0059,CRS008,79,B+
STU0059,CRS003,59,C
STU0059,CRS014,83,B+
STU0060,CRS008,78,B+
STU0060,CRS010,89,A
STU0060,CRS007,93,A
STU0060,CRS009,95,A
STU0060,CRS012,60,C
STU0060,CRS013,61,C
STU0060,CRS011,70,B
STU0060,CRS001,97,A
STU0060,CRS014,97,A
STU0061,CRS003,82,B+
STU0061,CRS011,61,C
STU0061,CRS010,55,C
STU0061,CRS001,61,C
STU0061,CRS013,71,B
STU0061,CRS007,69,B
STU0061,CRS006,87,A
STU0062,CRS009,98,A
STU0062,CRS015,92,A
STU0062,CRS010,87,A
STU0062,CRS012,64,C
STU0062,CRS013,77,B+
STU0062,CRS004,56,C
STU0062,CRS008,85,A
STU0062,CRS006,61,C
STU0062,CRS011,73,B
STU0062,CRS007,81,B+
STU0063,CRS002,74,B
STU0063,CRS014,76,B+
STU0063,CRS012,84,B+
STU0063,CRS003,68,B
STU0063,CRS006,88,A
STU0064,CRS006,57,C
STU0064,CRS008,62,C
STU0064,CRS002,56,C
STU0064,CRS014,76,B+
STU0064,CRS012,96,A
STU0064,CRS015,61,C
STU0064,CRS013,98,A
STU0064,CRS005,65,B
STU0065,CRS004,80,B+
STU0065,CRS009,95,A
STU0065,CRS003,66,B
STU0065,CRS014,66,B
STU0065,CRS013,95,A
STU0065,CRS006,97,A
STU0065,CRS012,82,B+
STU0065,CRS007,80,B+
STU0065,CRS015,56,C
STU0065,CRS002,94,A
STU0066,CRS008,68,B
STU0066,CRS010,72,B
STU0066,CRS007,59,C
STU0066,CRS013,91,A
STU0066,CRS001,61,C
STU0066,CRS004,89,A
STU0067,CRS006,97,A
STU0067,CRS015,86,A
STU0067,CRS004,88,A
STU0067,CRS008,95,A
STU0067,CRS002,75,B+
STU0067,CRS005,93,A
STU0068,CRS010,98,A
STU0068,CRS007,74,B
STU0068,CRS015,94,A
STU0068,CRS002,92,A
STU0068,CRS006,60,C
STU0068,CRS011,98,A
STU0068,CRS008,63,C
STU0068,CRS003,75,B+
STU0069,CRS004,64,C
STU0069,CRS005,87,A
STU0069,CRS002,79,B+
STU0069,CRS003,81,B+
STU0069,CRS006,93,A
STU0070,CRS010,96,A
STU0070,CRS007,66,B
STU0070,CRS014,90,A
STU0070,CRS003,65,B
STU0070,CRS008,86,A
STU0070,CRS009,73,B
STU0071,CRS003,55,C
STU0071,CRS006,86,A
STU0071,CRS008,63,C
STU0071,CRS010,67,B
STU0071,CRS001,79,B+
STU0071,CRS014,90,A
STU0072,CRS011,60,C
STU0072,CRS008,91,A
STU0072,CRS007,56,C
STU0072,CRS015,69,B
STU0072,CRS014,73,B
STU0072,CRS013,57,C
STU0072,CRS012,72,B
STU0072,CRS009,69,B
STU0072,CRS002,89,A
STU0073,CRS003,62,C
STU0073,CRS013,91,A
STU0073,CRS008,62,C
STU0073,CRS010,72,B
STU0073,CRS014,89,A
STU0073,CRS009,78,B+
STU0073,CRS012,89,A
STU0074,CRS013,82,B+
STU0074,CRS012,61,C
STU0074,CRS008,96,A
STU0074,CRS009,70,B
STU0074,CRS004,74,B
STU0075,CRS008,62,C
STU0075,CRS005,70,B
STU0075,CRS006,68,B
STU0075,CRS002,92,A
STU0075,CRS015,77,B+
STU0076,CRS010,91,A
STU0076,CRS011,77,B+
STU0076,CRS007,89,A
STU0076,CRS003,72,B
STU0076,CRS015,93,A
STU0076,CRS012,89,A
STU0076,CRS004,65,B
STU0076,CRS009,75,B+
STU0076,CRS013,73,B
STU0076,CRS001,73,B
STU0077,CRS005,96,A
STU0077,CRS014,63,C
STU0077,CRS009,63,C
STU0077,CRS011,70,B
STU0077,CRS002,64,C
STU0077,CRS003,75,B+
STU0077,CRS007,70,B
STU0077,CRS001,98,A
STU0077,CRS010,80,B+
STU0078,CRS003,59,C
STU0078,CRS010,95,A
STU0078,CRS011,60,C
STU0078,CRS005,80,B+
STU0078,CRS013,87,A
STU0078,CRS007,72,B
STU0078,CRS014,78,B+
STU0078,CRS008,84,B+
STU0079,CRS006,89,A
STU0079,CRS010,80,B+
STU0079,CRS001,68,B
STU0079,CRS012,82,B+
STU0079,CRS002,68,B
STU0079,CRS008,86,A
STU0079,CRS015,72,B
STU0079,CRS011,75,B+
STU0080,CRS006,98,A
STU0080,CRS009,58,C
STU0080,CRS010,57,C
STU0080,CRS003,61,C
STU0080,CRS013,95,A
STU0080,CRS008,84,B+
STU0080,CRS015,56,C
STU0081,CRS015,55,C
STU0081,CRS014,82,B+
STU0081,CRS003,67,B
STU0081,CRS008,63,C
STU0081,CRS012,96,A
STU0082,CRS003,60,C
STU0082,CRS014,78,B+
STU0082,CRS005,97,A
STU0082,CRS002,96,A
STU0082,CRS011,65,B
STU0082,CRS006,58,C
STU0082,CRS013,80,B+
STU0083,CRS005,59,C
STU0083,CRS012,63,C
STU0083,CRS014,92,A
STU0083,CRS004,69,B
STU0083,CRS007,88,A
STU0083,CRS002,98,A
STU0083,CRS010,83,B+
STU0083,CRS001,55,C
STU0083,CRS009,55,C
STU0083,CRS013,76,B+
STU0084,CRS014,59,C
STU0084,CRS007,69,B
STU0084,CRS012,79,B+
STU0084,CRS003,60,C
STU0084,CRS008,61,C
STU0085,CRS006,63,C
STU0085,CRS015,96,A
STU0085,CRS005,98,A
STU0085,CRS003,64,C
STU0085,CRS007,59,C
STU0086,CRS010,64,C
STU0086,CRS001,81,B+
STU0086,CRS015,94,A
STU0086,CRS011,98,A
STU0086,CRS003,83,B+
STU0086,CRS008,68,B
STU0086,CRS006,60,C
STU0086,CRS004,61,C
STU0086,CRS009,63,C
STU0087,CRS010,75,B+
STU0087,CRS012,63,C
STU0087,CRS007,70,B
STU0087,CRS006,72,B
STU0087,CRS013,96,A
STU0088,CRS004,73,B
STU0088,CRS009,56,C
STU0088,CRS010,97,A
STU0088,CRS013,74,B
STU0088,CRS012,68,B
STU0089,CRS010,79,B+
STU0089,CRS009,62,C
STU0089,CRS004,70,B
STU0089,CRS012,86,A
STU0089,CRS007,95,A
STU0089,CRS005,93,A
STU0089,CRS001,59,C
STU0089,CRS013,88,A
STU0089,CRS008,55,C
STU0090,CRS015,89,A
STU0090,CRS006,98,A
STU0090,CRS003,66,B
STU0090,CRS007,85,A
STU0090,CRS010,59,C
STU0090,CRS012,56,C
STU0090,CRS014,92,A
STU0091,CRS001,80,B+
STU0091,CRS005,87,A
STU0091,CRS004,73,B
STU0091,CRS015,95,A
STU0091,CRS012,87,A
STU0092,CRS007,72,B
STU0092,CRS012,60,C
STU0092,CRS015,74,B
STU0092,CRS002,60,C
STU0092,CRS011,87,A
STU0092,CRS009,68,B
STU0092,CRS010,64,C
STU0092,CRS003,89,A
STU0093,CRS007,82,B+
STU0093,CRS010,70,B
STU0093,CRS011,58,C
STU0093,CRS013,70,B
STU0093,CRS012,60,C
STU0093,CRS002,82,B+
STU0093,CRS005,62,C
STU0094,CRS010,63,C
STU0094,CRS015,55,C
STU0094,CRS001,65,B
STU0094,CRS005,86,A
STU0094,CRS011,77,B+
STU0094,CRS003,88,A
STU0094,CRS002,88,A
STU0094,CRS013,71,B
STU0095,CRS006,76,B+
STU0095,CRS003,82,B+
STU0095,CRS012,72,B
STU0095,CRS005,88,A
STU0095,CRS002,59,C
STU0095,CRS001,71,B
STU0096,CRS010,65,B
STU0096,CRS011,78,B+
STU0096,CRS002,65,B
STU0096,CRS008,71,B
STU0096,CRS012,61,C
STU0096,CRS009,91,A
STU0096,CRS006,98,A
STU0096,CRS001,62,C
STU0096,CRS004,69,B
STU0096,CRS005,87,A
STU0097,CRS001,85,A
STU0097,CRS014,78,B+
STU0097,CRS015,79,B+
STU0097,CRS004,64,C
STU0097,CRS013,66,B
STU0098,CRS009,81,B+
STU0098,CRS013,69,B
STU0098,CRS012,75,B+
STU0098,CRS014,70,B
STU0098,CRS011,81,B+
STU0099,CRS006,88,A
STU0099,CRS005,57,C
STU0099,CRS002,80,B+
STU0099,CRS010,59,C
STU0099,CRS015,84,B+
STU0099,CRS013,73,B
STU0099,CRS009,74,B
STU0099,CRS001,75,B+
STU0099,CRS012,60,C
STU0099,CRS007,90,A
STU0100,CRS001,78,B+
STU0100,CRS006,92,A
STU0100,CRS004,86,A
STU0100,CRS005,67,B
STU0100,CRS010,89,A
STU0100,CRS012,70,B
STU0100,CRS013,64,C
STU0100,CRS008,55,C
STU0101,CRS001,97,A
STU0101,CRS004,79,B+
STU0101,CRS009,74,B
STU0101,CRS006,61,C
STU0101,CRS011,68,B
STU0101,CRS015,88,A
STU0101,CRS012,70,B
STU0101,CRS010,81,B+
STU0102,CRS001,78,B+
STU0102,CRS003,84,B+
STU0102,CRS012,60,C
STU0102,CRS005,92,A
STU0102,CRS002,61,C
STU0102,CRS015,87,A
STU0102,CRS004,63,C
STU0102,CRS007,95,A
STU0103,CRS002,71,B
STU0103,CRS010,75,B+
STU0103,CRS014,80,B+
STU0103,CRS001,75,B+
STU0103,CRS007,75,B+
STU0103,CRS003,83,B+
STU0103,CRS004,72,B
STU0103,CRS005,69,B
STU0104,CRS004,64,C
STU0104,CRS003,61,C
STU0104,CRS013,65,B
STU0104,CRS010,83,B+
STU0104,CRS002,84,B+
STU0105,CRS007,84,B+
STU0105,CRS002,71,B
STU0105,CRS009,62,C
STU0105,CRS006,60,C
STU0105,CRS004,65,B
STU0105,CRS008,98,A
STU0105,CRS005,74,B
STU0106,CRS012,87,A
STU0106,CRS010,58,C
STU0106,CRS001,98,A
STU0106,CRS004,74,B
STU0106,CRS006,71,B
STU0106,CRS003,66,B
STU0106,CRS002,56,C
STU0106,CRS015,80,B+
STU0106,CRS014,83,B+
STU0106,CRS008,90,A
STU0107,CRS009,63,C
STU0107,CRS004,67,B
STU0107,CRS002,80,B+
STU0107,CRS008,78,B+
STU0107,CRS013,98,A
STU0107,CRS003,95,A
STU0107,CRS011,96,A
STU0107,CRS001,60,C
STU0107,CRS012,92,A
STU0107,CRS015,92,A
STU0108,CRS015,63,C
STU0108,CRS014,60,C
STU0108,CRS002,76,B+
STU0108,CRS001,62,C
STU0108,CRS013,57,C
STU0108,CRS004,84,B+
STU0108,CRS008,58,C
STU0109,CRS015,56,C
STU0109,CRS010,79,B+
STU0109,CRS007,98,A
STU0109,CRS012,82,B+
STU0109,CRS013,66,B
STU0109,CRS008,77,B+
STU0110,CRS015,57,C
STU0110,CRS003,94,A
STU0110,CRS005,94,A
STU0110,CRS013,94,A
STU0110,CRS008,70,B
STU0110,CRS014,96,A
STU0111,CRS008,79,B+
STU0111,CRS007,63,C
STU0111,CRS009,81,B+
STU0111,CRS015,67,B
STU0111,CRS001,96,A
STU0111,CRS002,88,A
STU0111,CRS005,70,B
STU0112,CRS013,87,A
STU0112,CRS009,75,B+
STU0112,CRS015,79,B+
STU0112,CRS001,72,B
STU0112,CRS007,66,B
STU0112,CRS006,56,C
STU0112,CRS008,75,B+
STU0112,CRS014,93,A
STU0112,CRS003,69,B
STU0112,CRS005,56,C
STU0113,CRS001,65,B
STU0113,CRS013,61,C
STU0113,CRS008,70,B
STU0113,CRS009,97,A
STU0113,CRS006,70,B
STU0113,CRS010,72,B
STU0113,CRS004,89,A
STU0114,CRS001,75,B+
STU0114,CRS013,77,B+
STU0114,CRS004,92,A
STU0114,CRS010,56,C
STU0114,CRS007,77,B+
STU0114,CRS006,91,A
STU0114,CRS003,91,A
STU0114,CRS009,64,C
STU0114,CRS002,91,A
STU0114,CRS005,67,B
STU0115,CRS009,93,A
STU0115,CRS005,69,B
STU0115,CRS003,56,C
STU0115,CRS008,88,A
STU0115,CRS001,85,A
STU0115,CRS002,55,C
STU0115,CRS011,76,B+
STU0115,CRS004,94,A
STU0116,CRS013,58,C
STU0116,CRS003,56,C
STU0116,CRS006,64,C
STU0116,CRS012,92,A
STU0116,CRS014,64,C
STU0116,CRS015,62,C
STU0117,CRS014,75,B+
STU0117,CRS006,63,C
STU0117,CRS002,65,B
STU0117,CRS015,82,B+
STU0117,CRS011,95,A
STU0117,CRS007,86,A
STU0117,CRS013,96,A
STU0117,CRS012,75,B+
STU0117,CRS003,66,B
STU0118,CRS009,73,B
STU0118,CRS012,63,C
STU0118,CRS010,66,B
STU0118,CRS006,55,C
STU0118,CRS004,91,A
STU0118,CRS013,80,B+
STU0118,CRS003,91,A
STU0118,CRS007,57,C
STU0118,CRS015,66,B
STU0118,CRS014,93,A
STU0119,CRS015,86,A
STU0119,CRS013,64,C
STU0119,CRS010,76,B+
STU0119,CRS004,59,C
STU0119,CRS011,70,B
STU0119,CRS014,77,B+
STU0119,CRS002,75,B+
STU0120,CRS011,83,B+
STU0120,CRS002,55,C
STU0120,CRS012,71,B
STU0120,CRS015,68,B
STU0120,CRS013,70,B
STU0120,CRS006,59,C
STU0121,CRS005,83,B+
STU0121,CRS013,81,B+
STU0121,CRS002,65,B
STU0121,CRS012,81,B+
STU0121,CRS001,86,A
STU0121,CRS011,79,B+
STU0121,CRS007,77,B+
STU0122,CRS007,57,C
STU0122,CRS002,73,B
STU0122,CRS008,56,C
STU0122,CRS010,75,B+
STU0122,CRS011,71,B
STU0122,CRS004,61,C
STU0122,CRS003,59,C
STU0122,CRS013,76,B+
STU0122,CRS001,65,B
STU0123,CRS003,82,B+
STU0123,CRS012,96,A
STU0123,CRS002,65,B
STU0123,CRS009,93,A
STU0123,CRS013,82,B+
STU0123,CRS006,65,B
STU0123,CRS008,58,C
STU0123,CRS001,61,C
STU0124,CRS004,97,A
STU0124,CRS015,73,B
STU0124,CRS007,74,B
STU0124,CRS012,70,B
STU0124,CRS009,61,C
STU0124,CRS011,58,C
STU0124,CRS005,80,B+
STU0125,CRS009,73,B
STU0125,CRS014,97,A
STU0125,CRS008,95,A
STU0125,CRS003,93,A
STU0125,CRS001,85,A
STU0125,CRS006,67,B
STU0125,CRS011,61,C
STU0125,CRS007,56,C
STU0125,CRS015,68,B
STU0126,CRS011,80,B+
STU0126,CRS005,85,A
STU0126,CRS002,86,A
STU0126,CRS008,97,A
STU0126,CRS013,71,B
STU0126,CRS014,60,C
STU0127,CRS009,83,B+
STU0127,CRS007,84,B+
STU0127,CRS003,71,B
STU0127,CRS006,69,B
STU0127,CRS014,72,B
STU0127,CRS012,91,A
STU0127,CRS013,58,C
STU0127,CRS008,64,C
STU0127,CRS001,97,A
STU0127,CRS015,61,C
STU0128,CRS011,92,A
STU0128,CRS006,69,B
STU0128,CRS013,90,A
STU0128,CRS009,58,C
STU0128,CRS007,79,B+
STU0129,CRS007,80,B+
STU0129,CRS009,57,C
STU0129,CRS011,87,A
STU0129,CRS008,91,A
STU0129,CRS010,88,A
STU0129,CRS004,91,A
STU0129,CRS012,98,A
STU0129,CRS005,94,A
STU0129,CRS001,64,C
STU0130,CRS013,67,B
STU0130,CRS008,63,C
STU0130,CRS003,57,C
STU0130,CRS015,82,B+
STU0130,CRS004,60,C
STU0131,CRS007,90,A
STU0131,CRS004,80,B+
STU0131,CRS011,90,A
STU0131,CRS003,75,B+
STU0131,CRS010,72,B
STU0131,CRS005,88,A
STU0131,CRS006,84,B+
STU0131,CRS002,55,C
STU0131,CRS001,94,A
STU0131,CRS014,92,A
STU0132,CRS013,61,C
STU0132,CRS007,73,B
STU0132,CRS002,89,A
STU0132,CRS014,77,B+
STU0132,CRS003,81,B+
STU0132,CRS011,71,B
STU0132,CRS015,79,B+
STU0132,CRS009,96,A
STU0132,CRS005,86,A
STU0133,CRS010,80,B+
STU0133,CRS008,76,B+
STU0133,CRS001,70,B
STU0133,CRS003,58,C
STU0133,CRS005,85,A
STU0133,CRS007,72,B
STU0133,CRS012,78,B+
STU0133,CRS015,56,C
STU0133,CRS013,76,B+
STU0134,CRS005,63,C
STU0134,CRS015,74,B
STU0134,CRS008,83,B+
STU0134,CRS012,75,B+
STU0134,CRS011,72,B
STU0134,CRS002,81,B+
STU0134,CRS004,93,A
STU0135,CRS002,87,A
STU0135,CRS004,65,B
STU0135,CRS008,59,C
STU0135,CRS014,74,B
STU0135,CRS007,87,A
STU0135,CRS013,80,B+
STU0135,CRS009,63,C
STU0135,CRS006,88,A
STU0135,CRS011,91,A
STU0135,CRS001,56,C
STU0136,CRS004,84,B+
STU0136,CRS014,58,C
STU0136,CRS015,78,B+
STU0136,CRS001,67,B
STU0136,CRS013,72,B
STU0136,CRS012,78,B+
STU0137,CRS009,86,A
STU0137,CRS007,93,A
STU0137,CRS011,83,B+
STU0137,CRS002,66,B
STU0137,CRS013,85,A
STU0137,CRS001,92,A
STU0137,CRS004,90,A
STU0137,CRS006,77,B+
STU0138,CRS003,79,B+
STU0138,CRS014,58,C
STU0138,CRS005,65,B
STU0138,CRS012,91,A
STU0138,CRS002,68,B
STU0138,CRS013,69,B
STU0138,CRS001,96,A
STU0139,CRS011,56,C
STU0139,CRS004,98,A
STU0139,CRS005,55,C
STU0139,CRS015,85,A
STU0139,CRS007,63,C
STU0139,CRS009,96,A
STU0140,CRS010,74,B
STU0140,CRS013,96,A
STU0140,CRS001,72,B
STU0140,CRS004,82,B+
STU0140,CRS005,79,B+
STU0140,CRS015,77,B+
STU0141,CRS005,55,C
STU0141,CRS004,87,A
STU0141,CRS008,97,A
STU0141,CRS015,78,B+
STU0141,CRS011,90,A
STU0141,CRS009,96,A
STU0141,CRS007,93,A
STU0141,CRS002,93,A
STU0142,CRS005,95,A
STU0142,CRS011,75,B+
STU0142,CRS002,72,B
STU0142,CRS008,71,B
STU0142,CRS013,96,A
STU0142,CRS006,96,A
STU0142,CRS015,74,B
STU0143,CRS003,80,B+
STU0143,CRS009,97,A
STU0143,CRS013,75,B+
STU0143,CRS004,98,A
STU0143,CRS001,63,C
STU0143,CRS010,56,C
STU0144,CRS008,69,B
STU0144,CRS005,98,A
STU0144,CRS014,89,A
STU0144,CRS007,95,A
STU0144,CRS012,85,A
STU0144,CRS011,97,A
STU0144,CRS001,77,B+
STU0144,CRS004,87,A
STU0144,CRS003,74,B
STU0144,CRS006,65,B
STU0145,CRS015,66,B
STU0145,CRS009,98,A
STU0145,CRS003,76,B+
STU0145,CRS005,96,A
STU0145,CRS002,60,C
STU0145,CRS008,69,B
STU0145,CRS013,77,B+
STU0145,CRS012,69,B
STU0145,CRS006,74,B
STU0145,CRS010,81,B+
STU0146,CRS006,58,C
STU0146,CRS005,95,A
STU0146,CRS010,92,A
STU0146,CRS014,92,A
STU0146,CRS008,94,A
STU0146,CRS002,59,C
STU0146,CRS011,85,A
STU0147,CRS009,81,B+
STU0147,CRS002,58,C
STU0147,CRS011,64,C
STU0147,CRS007,63,C
STU0147,CRS015,67,B
STU0147,CRS005,76,B+
STU0148,CRS010,95,A
STU0148,CRS008,66,B
STU0148,CRS003,75,B+
STU0148,CRS006,95,A
STU0148,CRS013,58,C
STU0148,CRS002,55,C
STU0148,CRS014,83,B+
STU0148,CRS012,72,B
STU0149,CRS013,60,C
STU0149,CRS015,63,C
STU0149,CRS003,94,A
STU0149,CRS010,82,B+
STU0149,CRS014,95,A
STU0149,CRS008,82,B+
STU0150,CRS007,55,C
STU0150,CRS008,75,B+
STU0150,CRS015,88,A
STU0150,CRS001,67,B
STU0150,CRS012,56,C
STU0150,CRS009,98,A
STU0150,CRS004,55,C
STU0150,CRS006,95,A
STU0151,CRS004,74,B
STU0151,CRS015,65,B
STU0151,CRS012,59,C
STU0151,CRS006,57,C
STU0151,CRS005,74,B
STU0151,CRS003,73,B
STU0151,CRS002,84,B+
STU0151,CRS007,88,A
STU0151,CRS011,93,A
STU0151,CRS008,88,A
STU0152,CRS007,65,B
STU0152,CRS011,80,B+
STU0152,CRS003,56,C
STU0152,CRS006,69,B
STU0152,CRS008,69,B
STU0152,CRS012,63,C
STU0152,CRS004,68,B
STU0153,CRS001,89,A
STU0153,CRS010,94,A
STU0153,CRS009,58,C
STU0153,CRS003,93,A
STU0153,CRS002,58,C
STU0153,CRS006,97,A
STU0153,CRS015,61,C
STU0153,CRS007,96,A
STU0153,CRS014,56,C
STU0153,CRS012,58,C
STU0154,CRS002,68,B
STU0154,CRS007,98,A
STU0154,CRS008,95,A
STU0154,CRS014,55,C
STU0154,CRS015,74,B
STU0154,CRS009,81,B+
STU0154,CRS005,97,A
STU0154,CRS013,61,C
STU0154,CRS006,97,A
STU0154,CRS011,88,A
STU0155,CRS010,94,A
STU0155,CRS015,62,C
STU0155,CRS012,73,B
STU0155,CRS003,62,C
STU0155,CRS007,61,C
STU0155,CRS002,86,A
STU0155,CRS009,67,B
STU0156,CRS004,57,C
STU0156,CRS013,90,A
STU0156,CRS005,86,A
STU0156,CRS009,68,B
STU0156,CRS015,85,A
STU0156,CRS006,76,B+
STU0156,CRS007,70,B
STU0156,CRS014,55,C
STU0156,CRS002,55,C
STU0157,CRS002,61,C
STU0157,CRS015,71,B
STU0157,CRS010,96,A
STU0157,CRS011,69,B
STU0157,CRS008,84,B+
STU0157,CRS003,73,B
STU0157,CRS014,71,B
STU0157,CRS009,84,B+
STU0157,CRS006,58,C
STU0157,CRS007,61,C
STU0158,CRS014,82,B+
STU0158,CRS001,62,C
STU0158,CRS005,61,C
STU0158,CRS006,57,C
STU0158,CRS011,55,C
STU0158,CRS012,63,C
STU0159,CRS011,66,B
STU0159,CRS003,62,C
STU0159,CRS006,80,B+
STU0159,CRS013,80,B+
STU0159,CRS008,84,B+
STU0159,CRS010,72,B
STU0159,CRS005,79,B+
STU0159,CRS002,85,A
STU0159,CRS014,81,B+
STU0159,CRS007,96,A
STU0160,CRS002,61,C
STU0160,CRS003,81,B+
STU0160,CRS012,92,A
STU0160,CRS013,85,A
STU0160,CRS001,91,A
STU0160,CRS014,98,A
STU0161,CRS003,86,A
STU0161,CRS010,62,C
STU0161,CRS007,81,B+
STU0161,CRS006,83,B+
STU0161,CRS014,57,C
STU0161,CRS001,59,C
STU0161,CRS015,71,B
STU0161,CRS008,96,A
STU0162,CRS001,97,A
STU0162,CRS012,76,B+
STU0162,CRS011,88,A
STU0162,CRS009,88,A
STU0162,CRS010,94,A
STU0162,CRS013,61,C
STU0162,CRS004,82,B+
STU0163,CRS012,65,B
STU0163,CRS004,87,A
STU0163,CRS008,85,A
STU0163,CRS006,86,A
STU0163,CRS011,65,B
STU0163,CRS007,59,C
STU0163,CRS003,86,A
STU0163,CRS001,75,B+
STU0163,CRS013,70,B
STU0163,CRS015,76,B+
STU0164,CRS001,70,B
STU0164,CRS009,60,C
STU0164,CRS004,84,B+
STU0164,CRS014,83,B+
STU0164,CRS011,91,A
STU0164,CRS007,83,B+
STU0164,CRS010,60,C
STU0165,CRS008,81,B+
STU0165,CRS006,57,C
STU0165,CRS002,90,A
STU0165,CRS015,90,A
STU0165,CRS011,55,C
STU0165,CRS001,60,C
STU0165,CRS013,93,A
STU0165,CRS007,94,A
STU0166,CRS005,69,B
STU0166,CRS009,84,B+
STU0166,CRS014,76,B+
STU0166,CRS004,90,A
STU0166,CRS011,94,A
STU0166,CRS008,93,A
STU0166,CRS006,85,A
STU0166,CRS013,97,A
STU0166,CRS007,78,B+
STU0166,CRS001,83,B+
STU0167,CRS002,76,B+
STU0167,CRS013,77,B+
STU0167,CRS011,95,A
STU0167,CRS004,73,B
STU0167,CRS001,90,A
STU0168,CRS006,71,B
STU0168,CRS012,94,A
STU0168,CRS002,67,B
STU0168,CRS001,67,B
STU0168,CRS003,62,C
STU0168,CRS008,80,B+
STU0168,CRS011,68,B
STU0168,CRS007,84,B+
STU0168,CRS014,67,B
STU0169,CRS006,92,A
STU0169,CRS002,87,A
STU0169,CRS013,63,C
STU0169,CRS007,86,A
STU0169,CRS001,55,C
STU0169,CRS010,88,A
STU0169,CRS014,58,C
STU0169,CRS008,90,A
STU0169,CRS004,82,B+
STU0169,CRS015,92,A
STU0170,CRS015,79,B+
STU0170,CRS009,97,A
STU0170,CRS013,93,A
STU0170,CRS003,93,A
STU0170,CRS010,75,B+
STU0170,CRS012,87,A
STU0170,CRS011,79,B+
STU0170,CRS002,81,B+
STU0171,CRS015,63,C
STU0171,CRS012,63,C
STU0171,CRS013,81,B+
STU0171,CRS004,93,A
STU0171,CRS005,87,A
STU0171,CRS007,74,B
STU0171,CRS006,90,A
STU0171,CRS011,75,B+
STU0171,CRS014,90,A
STU0172,CRS004,95,A
STU0172,CRS015,75,B+
STU0172,CRS014,62,C
STU0172,CRS010,77,B+
STU0172,CRS005,90,A
STU0172,CRS006,85,A
STU0172,CRS003,92,A
STU0172,CRS009,91,A
STU0172,CRS011,97,A
STU0172,CRS007,81,B+
STU0173,CRS012,64,C
STU0173,CRS014,58,C
STU0173,CRS009,97,A
STU0173,CRS005,58,C
STU0173,CRS007,67,B
STU0173,CRS001,72,B
STU0173,CRS013,65,B
STU0173,CRS002,73,B
STU0173,CRS010,98,A
STU0173,CRS004,71,B
STU0174,CRS014,57,C
STU0174,CRS001,77,B+
STU0174,CRS012,83,B+
STU0174,CRS005,61,C
STU0174,CRS004,94,A
STU0174,CRS009,98,A
STU0175,CRS009,73,B
STU0175,CRS014,97,A
STU0175,CRS004,58,C
STU0175,CRS012,79,B+
STU0175,CRS011,79,B+
STU0175,CRS015,81,B+
STU0175,CRS007,98,A
STU0175,CRS013,75,B+
STU0175,CRS005,90,A
STU0175,CRS006,58,C
STU0176,CRS012,69,B
STU0176,CRS005,95,A
STU0176,CRS004,96,A
STU0176,CRS010,78,B+
STU0176,CRS008,92,A
STU0177,CRS012,59,C
STU0177,CRS010,66,B
STU0177,CRS004,66,B
STU0177,CRS015,87,A
STU0177,CRS013,62,C
STU0177,CRS005,79,B+
STU0177,CRS008,57,C
STU0177,CRS003,82,B+
STU0177,CRS006,72,B
STU0178,CRS005,64,C
STU0178,CRS003,57,C
STU0178,CRS014,64,C
STU0178,CRS010,75,B+
STU0178,CRS015,93,A
STU0178,CRS001,58,C
STU0178,CRS006,95,A
STU0178,CRS008,94,A
STU0178,CRS009,97,A
STU0179,CRS008,88,A
STU0179,CRS013,69,B
STU0179,CRS010,66,B
STU0179,CRS009,88,A
STU0179,CRS006,59,C
STU0179,CRS002,87,A
STU0179,CRS011,65,B
STU0180,CRS009,76,B+
STU0180,CRS015,78,B+
STU0180,CRS007,73,B
STU0180,CRS002,68,B
STU0180,CRS006,94,A
STU0180,CRS004,88,A
STU0180,CRS010,85,A
STU0180,CRS011,90,A
STU0181,CRS001,79,B+
STU0181,CRS002,62,C
STU0181,CRS011,79,B+
STU0181,CRS006,71,B
STU0181,CRS008,89,A
STU0181,CRS004,73,B
STU0181,CRS010,56,C
STU0181,CRS015,88,A
STU0181,CRS012,78,B+
STU0181,CRS003,87,A
STU0182,CRS008,65,B
STU0182,CRS015,89,A
STU0182,CRS001,89,A
STU0182,CRS005,55,C
STU0182,CRS011,95,A
STU0182,CRS004,59,C
STU0182,CRS006,68,B
STU0182,CRS002,97,A
STU0182,CRS013,95,A
STU0183,CRS014,82,B+
STU0183,CRS011,96,A
STU0183,CRS007,59,C
STU0183,CRS002,98,A
STU0183,CRS004,64,C
STU0183,CRS009,56,C
STU0184,CRS012,90,A
STU0184,CRS006,59,C
STU0184,CRS001,91,A
STU0184,CRS002,69,B
STU0184,CRS015,71,B
STU0184,CRS013,81,B+
STU0184,CRS003,79,B+
STU0184,CRS005,83,B+
STU0185,CRS007,94,A
STU0185,CRS015,59,C
STU0185,CRS006,92,A
STU0185,CRS001,57,C
STU0185,CRS014,59,C
STU0185,CRS002,77,B+
STU0185,CRS009,87,A
STU0185,CRS012,61,C
STU0185,CRS013,73,B
STU0185,CRS011,98,A
STU0186,CRS010,85,A
STU0186,CRS002,65,B
STU0186,CRS005,89,A
STU0186,CRS008,69,B
STU0186,CRS007,63,C
STU0186,CRS011,80,B+
STU0186,CRS001,89,A
STU0187,CRS011,90,A
STU0187,CRS003,90,A
STU0187,CRS005,64,C
STU0187,CRS015,62,C
STU0187,CRS012,57,C
STU0187,CRS006,55,C
STU0187,CRS001,91,A
STU0188,CRS007,96,A
STU0188,CRS009,87,A
STU0188,CRS014,64,C
STU0188,CRS002,65,B
STU0188,CRS005,66,B
STU0188,CRS004,69,B
STU0188,CRS006,94,A
STU0188,CRS010,71,B
STU0188,CRS008,67,B
STU0189,CRS003,90,A
STU0189,CRS011,84,B+
STU0189,CRS013,96,A
STU0189,CRS010,90,A
STU0189,CRS001,59,C
STU0190,CRS011,76,B+
STU0190,CRS002,77,B+
STU0190,CRS005,63,C
STU0190,CRS014,97,A
STU0190,CRS004,96,A
STU0190,CRS010,70,B
STU0190,CRS008,61,C
STU0191,CRS010,94,A
STU0191,CRS002,97,A
STU0191,CRS004,74,B
STU0191,CRS006,92,A
STU0191,CRS008,64,C
STU0191,CRS011,91,A
STU0191,CRS012,91,A
STU0192,CRS013,69,B
STU0192,CRS006,96,A
STU0192,CRS007,82,B+
STU0192,CRS003,72,B
STU0192,CRS001,78,B+
STU0192,CRS014,63,C
STU0192,CRS004,98,A
STU0193,CRS006,93,A
STU0193,CRS008,60,C
STU0193,CRS014,72,B
STU0193,CRS013,63,C
STU0193,CRS015,89,A
STU0193,CRS005,67,B
STU0193,CRS012,71,B
STU0193,CRS002,95,A
STU0193,CRS009,59,C
STU0193,CRS011,59,C
STU0194,CRS014,92,A
STU0194,CRS009,80,B+
STU0194,CRS011,92,A
STU0194,CRS001,68,B
STU0194,CRS010,57,C
STU0195,CRS005,92,A
STU0195,CRS009,73,B
STU0195,CRS014,63,C
STU0195,CRS008,84,B+
STU0195,CRS011,87,A
STU0195,CRS003,87,A
STU0195,CRS006,60,C
STU0195,CRS007,80,B+
STU0195,CRS002,78,B+
STU0196,CRS001,65,B
STU0196,CRS011,66,B
STU0196,CRS004,91,A
STU0196,CRS010,91,A
STU0196,CRS014,97,A
STU0196,CRS003,64,C
STU0196,CRS009,85,A
STU0196,CRS012,77,B+
STU0196,CRS013,57,C
STU0197,CRS013,69,B
STU0197,CRS008,57,C
STU0197,CRS004,97,A
STU0197,CRS002,68,B
STU0197,CRS005,88,A
STU0197,CRS006,78,B+
STU0198,CRS008,71,B
STU0198,CRS015,92,A
STU0198,CRS001,89,A
STU0198,CRS013,91,A
STU0198,CRS011,66,B
STU0198,CRS006,79,B+
STU0198,CRS002,96,A
STU0198,CRS005,79,B+
STU0199,CRS010,88,A
STU0199,CRS011,80,B+
STU0199,CRS002,77,B+
STU0199,CRS009,77,B+
STU0199,CRS005,86,A
STU0199,CRS007,85,A
STU0199,CRS004,93,A
STU0200,CRS009,59,C
STU0200,CRS003,87,A
STU0200,CRS008,96,A
STU0200,CRS014,72,B
STU0200,CRS004,68,B
STU0201,CRS003,81,B+
STU0201,CRS015,76,B+
STU0201,CRS006,62,C
STU0201,CRS010,85,A
STU0201,CRS002,98,A
STU0201,CRS004,85,A
STU0202,CRS004,63,C
STU0202,CRS010,91,A
STU0202,CRS003,92,A
STU0202,CRS011,65,B
STU0202,CRS007,63,C
STU0202,CRS001,95,A
STU0202,CRS015,87,A
STU0202,CRS014,57,C
STU0203,CRS003,97,A
STU0203,CRS001,73,B
STU0203,CRS015,60,C
STU0203,CRS005,68,B
STU0203,CRS013,83,B+
STU0203,CRS009,93,A
STU0203,CRS007,85,A
STU0203,CRS014,85,A
STU0203,CRS006,65,B
STU0204,CRS014,94,A
STU0204,CRS007,97,A
STU0204,CRS010,87,A
STU0204,CRS003,71,B
STU0204,CRS013,65,B
STU0204,CRS012,98,A
STU0205,CRS015,79,B+
STU0205,CRS008,63,C
STU0205,CRS010,61,C
STU0205,CRS013,56,C
STU0205,CRS002,67,B
STU0205,CRS004,88,A
STU0205,CRS007,87,A
STU0206,CRS007,87,A
STU0206,CRS014,62,C
STU0206,CRS003,60,C
STU0206,CRS010,85,A
STU0206,CRS002,97,A
STU0206,CRS013,63,C
STU0206,CRS008,93,A
STU0206,CRS001,89,A
STU0206,CRS015,55,C
STU0206,CRS005,98,A
STU0207,CRS007,79,B+
STU0207,CRS009,77,B+
STU0207,CRS015,92,A
STU0207,CRS006,91,A
STU0207,CRS001,61,C
STU0207,CRS014,82,B+
STU0207,CRS013,63,C
STU0207,CRS004,71,B
STU0207,CRS010,85,A
STU0207,CRS008,69,B
STU0208,CRS005,67,B
STU0208,CRS010,55,C
STU0208,CRS009,55,C
STU0208,CRS007,91,A
STU0208,CRS015,88,A
STU0209,CRS009,75,B+
STU0209,CRS001,81,B+
STU0209,CRS007,78,B+
STU0209,CRS011,61,C
STU0209,CRS004,64,C
STU0210,CRS011,98,A
STU0210,CRS010,80,B+
STU0210,CRS005,68,B
STU0210,CRS013,81,B+
STU0210,CRS009,90,A
STU0210,CRS007,90,A
STU0210,CRS006,85,A
STU0210,CRS012,66,B
STU0211,CRS009,80,B+
STU0211,CRS015,63,C
STU0211,CRS008,97,A
STU0211,CRS005,62,C
STU0211,CRS012,69,B
STU0211,CRS010,83,B+
STU0211,CRS006,65,B
STU0212,CRS004,94,A
STU0212,CRS009,98,A
STU0212,CRS007,58,C
STU0212,CRS006,65,B
STU0212,CRS014,79,B+
STU0213,CRS001,69,B
STU0213,CRS013,78,B+
STU0213,CRS002,60,C
STU0213,CRS003,93,A
STU0213,CRS008,57,C
STU0213,CRS010,79,B+
STU0213,CRS007,80,B+
STU0213,CRS014,94,A
STU0213,CRS015,96,A
STU0213,CRS012,88,A
STU0214,CRS012,55,C
STU0214,CRS010,67,B
STU0214,CRS001,97,A
STU0214,CRS003,88,A
STU0214,CRS011,73,B
STU0214,CRS008,67,B
STU0214,CRS014,57,C
STU0215,CRS009,96,A
STU0215,CRS015,55,C
STU0215,CRS012,65,B
STU0215,CRS004,60,C
STU0215,CRS010,72,B
STU0215,CRS003,80,B+
STU0215,CRS001,77,B+
STU0215,CRS006,97,A
STU0215,CRS002,80,B+
STU0216,CRS010,90,A
STU0216,CRS004,92,A
STU0216,CRS009,77,B+
STU0216,CRS001,77,B+
STU0216,CRS002,72,B
STU0216,CRS011,69,B
STU0216,CRS013,93,A
STU0216,CRS005,67,B
STU0217,CRS015,90,A
STU0217,CRS007,59,C
STU0217,CRS010,87,A
STU0217,CRS001,73,B
STU0217,CRS005,76,B+
STU0217,CRS003,62,C
STU0217,CRS014,87,A
STU0217,CRS002,71,B
STU0218,CRS014,76,B+
STU0218,CRS013,84,B+
STU0218,CRS010,98,A
STU0218,CRS005,84,B+
STU0218,CRS008,92,A
STU0218,CRS007,56,C
STU0218,CRS011,85,A
STU0218,CRS004,62,C
STU0218,CRS015,71,B
STU0219,CRS007,69,B
STU0219,CRS011,75,B+
STU0219,CRS013,81,B+
STU0219,CRS004,77,B+
STU0219,CRS014,88,A
STU0220,CRS001,90,A
STU0220,CRS012,66,B
STU0220,CRS005,85,A
STU0220,CRS004,75,B+
STU0220,CRS013,77,B+
STU0220,CRS002,68,B
STU0220,CRS007,91,A
STU0220,CRS006,72,B
STU0220,CRS015,66,B
STU0221,CRS011,67,B
STU0221,CRS004,70,B
STU0221,CRS008,94,A
STU0221,CRS012,77,B+
STU0221,CRS014,64,C
STU0221,CRS015,61,C
STU0221,CRS010,62,C
STU0221,CRS005,60,C
STU0221,CRS002,98,A
STU0221,CRS007,97,A
STU0222,CRS010,86,A
STU0222,CRS001,91,A
STU0222,CRS013,72,B
STU0222,CRS009,86,A
STU0222,CRS014,66,B
STU0222,CRS008,87,A
STU0222,CRS006,72,B
STU0222,CRS012,80,B+
STU0223,CRS013,85,A
STU0223,CRS010,89,A
STU0223,CRS003,57,C
STU0223,CRS001,87,A
STU0223,CRS009,77,B+
STU0223,CRS007,80,B+
STU0224,CRS013,68,B
STU0224,CRS003,79,B+
STU0224,CRS008,92,A
STU0224,CRS002,61,C
STU0224,CRS009,75,B+
STU0224,CRS015,78,B+
STU0224,CRS006,94,A
STU0224,CRS001,71,B
STU0224,CRS010,66,B
STU0224,CRS011,90,A
STU0225,CRS004,86,A
STU0225,CRS005,82,B+
STU0225,CRS008,68,B
STU0225,CRS010,81,B+
STU0225,CRS006,78,B+
STU0225,CRS011,78,B+
STU0225,CRS003,80,B+
STU0226,CRS008,72,B
STU0226,CRS003,70,B
STU0226,CRS010,90,A
STU0226,CRS014,82,B+
STU0226,CRS013,79,B+
STU0226,CRS004,67,B
STU0226,CRS002,64,C
STU0227,CRS003,88,A
STU0227,CRS008,89,A
STU0227,CRS013,75,B+
STU0227,CRS001,86,A
STU0227,CRS015,74,B
STU0227,CRS007,71,B
STU0227,CRS014,90,A
STU0227,CRS011,91,A
STU0227,CRS010,58,C
STU0227,CRS006,80,B+
STU0228,CRS012,85,A
STU0228,CRS003,95,A
STU0228,CRS001,61,C
STU0228,CRS004,83,B+
STU0228,CRS005,76,B+
STU0229,CRS006,81,B+
STU0229,CRS015,62,C
STU0229,CRS009,77,B+
STU0229,CRS013,98,A
STU0229,CRS005,93,A
STU0229,CRS014,67,B
STU0229,CRS001,91,A
STU0230,CRS011,83,B+
STU0230,CRS015,60,C
STU0230,CRS009,79,B+
STU0230,CRS003,94,A
STU0230,CRS005,73,B
STU0230,CRS006,84,B+
STU0230,CRS010,95,A
STU0230,CRS008,64,C
STU0230,CRS007,65,B
STU0231,CRS013,76,B+
STU0231,CRS006,69,B
STU0231,CRS007,75,B+
STU0231,CRS011,75,B+
STU0231,CRS010,96,A
STU0231,CRS012,73,B
STU0231,CRS015,72,B
STU0231,CRS002,93,A
STU0231,CRS001,96,A
STU0231,CRS008,80,B+
STU0232,CRS015,81,B+
STU0232,CRS008,65,B
STU0232,CRS013,66,B
STU0232,CRS006,56,C
STU0232,CRS010,63,C
STU0232,CRS009,70,B
STU0232,CRS014,97,A
STU0233,CRS012,61,C
STU0233,CRS015,61,C
STU0233,CRS014,59,C
STU0233,CRS002,85,A
STU0233,CRS004,90,A
STU0233,CRS003,58,C
STU0233,CRS007,56,C
STU0234,CRS009,96,A
STU0234,CRS013,79,B+
STU0234,CRS002,74,B
STU0234,CRS014,69,B
STU0234,CRS005,70,B
STU0234,CRS010,73,B
STU0234,CRS003,83,B+
STU0234,CRS012,95,A
STU0235,CRS003,75,B+
STU0235,CRS009,85,A
STU0235,CRS015,84,B+
STU0235,CRS001,89,A
STU0235,CRS012,72,B
STU0235,CRS006,90,A
STU0236,CRS003,88,A
STU0236,CRS012,95,A
STU0236,CRS009,95,A
STU0236,CRS015,89,A
STU0236,CRS010,74,B
STU0236,CRS011,77,B+
STU0236,CRS008,85,A
STU0236,CRS007,89,A
STU0237,CRS013,71,B
STU0237,CRS002,64,C
STU0237,CRS008,74,B
STU0237,CRS005,55,C
STU0237,CRS006,55,C
STU0237,CRS007,88,A
STU0238,CRS006,85,A
STU0238,CRS005,74,B
STU0238,CRS008,55,C
STU0238,CRS009,82,B+
STU0238,CRS001,73,B
STU0238,CRS013,93,A
STU0239,CRS013,90,A
STU0239,CRS001,82,B+
STU0239,CRS009,80,B+
STU0239,CRS006,70,B
STU0239,CRS004,65,B
STU0239,CRS007,96,A
STU0240,CRS014,73,B
STU0240,CRS007,96,A
STU0240,CRS004,89,A
STU0240,CRS005,72,B
STU0240,CRS002,81,B+
STU0240,CRS015,67,B
STU0240,CRS013,59,C
STU0240,CRS012,66,B
STU0241,CRS005,72,B
STU0241,CRS002,94,A
STU0241,CRS011,86,A
STU0241,CRS008,67,B
STU0241,CRS010,75,B+
STU0241,CRS012,56,C
STU0242,CRS001,72,B
STU0242,CRS009,63,C
STU0242,CRS015,83,B+
STU0242,CRS003,55,C
STU0242,CRS002,69,B
STU0242,CRS005,60,C
STU0243,CRS001,86,A
STU0243,CRS008,78,B+
STU0243,CRS004,84,B+
STU0243,CRS006,57,C
STU0243,CRS007,76,B+
STU0243,CRS005,60,C
STU0244,CRS001,85,A
STU0244,CRS005,66,B
STU0244,CRS013,67,B
STU0244,CRS007,71,B
STU0244,CRS002,79,B+
STU0244,CRS009,55,C
STU0245,CRS013,70,B
STU0245,CRS012,57,C
STU0245,CRS004,67,B
STU0245,CRS007,84,B+
STU0245,CRS008,61,C
STU0246,CRS011,57,C
STU0246,CRS004,90,A
STU0246,CRS008,88,A
STU0246,CRS007,62,C
STU0246,CRS015,71,B
STU0246,CRS005,85,A
STU0246,CRS006,95,A
STU0246,CRS003,74,B
STU0246,CRS009,67,B
STU0247,CRS015,75,B+
STU0247,CRS001,55,C
STU0247,CRS011,65,B
STU0247,CRS004,72,B
STU0247,CRS002,92,A
STU0247,CRS012,62,C
STU0247,CRS007,80,B+
STU0248,CRS001,64,C
STU0248,CRS015,78,B+
STU0248,CRS010,60,C
STU0248,CRS012,70,B
STU0248,CRS008,65,B
STU0248,CRS013,86,A
STU0249,CRS011,58,C
STU0249,CRS010,77,B+
STU0249,CRS006,96,A
STU0249,CRS015,64,C
STU0249,CRS001,89,A
STU0250,CRS003,96,A
STU0250,CRS008,77,B+
STU0250,CRS004,83,B+
STU0250,CRS006,67,B
STU0250,CRS009,56,C
STU0251,CRS007,89,A
STU0251,CRS006,86,A
STU0251,CRS012,67,B
STU0251,CRS003,91,A
STU0251,CRS005,66,B
STU0251,CRS001,89,A
STU0251,CRS008,77,B+
STU0251,CRS009,75,B+
STU0251,CRS011,84,B+
STU0251,CRS013,72,B
STU0252,CRS015,71,B
STU0252,CRS014,89,A
STU0252,CRS009,78,B+
STU0252,CRS003,84,B+
STU0252,CRS002,55,C
STU0252,CRS013,95,A
STU0252,CRS012,87,A
STU0252,CRS008,79,B+
STU0252,CRS010,66,B
STU0253,CRS010,75,B+
STU0253,CRS014,59,C
STU0253,CRS006,97,A
STU0253,CRS015,89,A
STU0253,CRS004,79,B+
STU0254,CRS009,73,B
STU0254,CRS011,75,B+
STU0254,CRS008,81,B+
STU0254,CRS015,96,A
STU0254,CRS003,75,B+
STU0254,CRS010,62,C
STU0255,CRS009,66,B
STU0255,CRS011,57,C
STU0255,CRS002,67,B
STU0255,CRS001,61,C
STU0255,CRS003,86,A
STU0256,CRS002,88,A
STU0256,CRS001,94,A
STU0256,CRS010,92,A
STU0256,CRS011,71,B
STU0256,CRS007,58,C
STU0256,CRS008,78,B+
STU0257,CRS010,60,C
STU0257,CRS012,84,B+
STU0257,CRS002,95,A
STU0257,CRS001,58,C
STU0257,CRS004,78,B+
STU0257,CRS008,90,A
STU0258,CRS015,74,B
STU0258,CRS007,59,C
STU0258,CRS006,68,B
STU0258,CRS012,88,A
STU0258,CRS001,61,C
STU0258,CRS010,61,C
STU0258,CRS005,69,B
STU0258,CRS011,89,A
STU0258,CRS013,79,B+
STU0258,CRS008,67,B
STU0259,CRS009,90,A
STU0259,CRS011,90,A
STU0259,CRS004,81,B+
STU0259,CRS010,61,C
STU0259,CRS014,95,A
STU0259,CRS003,91,A
STU0260,CRS011,66,B
STU0260,CRS008,90,A
STU0260,CRS012,80,B+
STU0260,CRS015,87,A
STU0260,CRS007,76,B+
STU0260,CRS002,97,A
STU0260,CRS003,65,B
STU0261,CRS010,95,A
STU0261,CRS008,82,B+
STU0261,CRS006,75,B+
STU0261,CRS013,93,A
STU0261,CRS009,70,B
STU0261,CRS012,91,A
STU0261,CRS015,89,A
STU0261,CRS007,68,B
STU0261,CRS014,79,B+
STU0262,CRS015,57,C
STU0262,CRS012,73,B
STU0262,CRS005,93,A
STU0262,CRS006,56,C
STU0262,CRS008,88,A
STU0262,CRS011,63,C
STU0262,CRS007,74,B
STU0262,CRS001,55,C
STU0262,CRS014,74,B
STU0263,CRS004,87,A
STU0263,CRS014,90,A
STU0263,CRS006,91,A
STU0263,CRS001,91,A
STU0263,CRS005,64,C
STU0263,CRS009,61,C
STU0264,CRS008,78,B+
STU0264,CRS006,92,A
STU0264,CRS003,70,B
STU0264,CRS013,69,B
STU0264,CRS005,71,B
STU0265,CRS002,85,A
STU0265,CRS010,66,B
STU0265,CRS007,86,A
STU0265,CRS014,91,A
STU0265,CRS004,61,C
STU0265,CRS015,93,A
STU0265,CRS006,96,A
STU0266,CRS001,76,B+
STU0266,CRS012,77,B+
STU0266,CRS013,82,B+
STU0266,CRS010,81,B+
STU0266,CRS007,62,C
STU0266,CRS002,69,B
STU0266,CRS015,96,A
STU0267,CRS015,89,A
STU0267,CRS001,91,A
STU0267,CRS011,64,C
STU0267,CRS013,75,B+
STU0267,CRS007,87,A
STU0267,CRS014,69,B
STU0267,CRS005,64,C
STU0267,CRS010,58,C
STU0267,CRS003,98,A
STU0268,CRS007,80,B+
STU0268,CRS008,64,C
STU0268,CRS013,63,C
STU0268,CRS010,76,B+
STU0268,CRS012,60,C
STU0268,CRS009,85,A
STU0268,CRS002,91,A
STU0268,CRS004,58,C
STU0268,CRS014,90,A
STU0268,CRS003,80,B+
STU0269,CRS002,90,A
STU0269,CRS007,67,B
STU0269,CRS009,86,A
STU0269,CRS014,80,B+
STU0269,CRS003,96,A
STU0269,CRS011,91,A
STU0269,CRS008,67,B
STU0270,CRS010,98,A
STU0270,CRS012,91,A
STU0270,CRS009,60,C
STU0270,CRS004,62,C
STU0270,CRS014,97,A
STU0270,CRS002,81,B+
STU0270,CRS005,82,B+
STU0270,CRS007,78,B+
STU0270,CRS003,77,B+
STU0271,CRS006,65,B
STU0271,CRS015,77,B+
STU0271,CRS010,94,A
STU0271,CRS011,83,B+
STU0271,CRS001,94,A
STU0271,CRS005,64,C
STU0272,CRS001,62,C
STU0272,CRS014,58,C
STU0272,CRS004,70,B
STU0272,CRS013,94,A
STU0272,CRS011,64,C
STU0272,CRS006,73,B
STU0272,CRS003,55,C
STU0272,CRS002,76,B+
STU0273,CRS013,68,B
STU0273,CRS002,68,B
STU0273,CRS005,89,A
STU0273,CRS008,88,A
STU0273,CRS012,71,B
STU0273,CRS001,90,A
STU0273,CRS006,85,A
STU0273,CRS004,94,A
STU0273,CRS009,64,C
STU0273,CRS015,97,A
STU0274,CRS007,71,B
STU0274,CRS010,65,B
STU0274,CRS011,58,C
STU0274,CRS009,73,B
STU0274,CRS001,67,B
STU0275,CRS010,97,A
STU0275,CRS005,97,A
STU0275,CRS001,78,B+
STU0275,CRS008,61,C
STU0275,CRS011,56,C
STU0275,CRS013,73,B
STU0275,CRS002,96,A
STU0275,CRS007,79,B+
STU0275,CRS006,69,B
STU0275,CRS003,79,B+
STU0276,CRS012,87,A
STU0276,CRS002,84,B+
STU0276,CRS006,90,A
STU0276,CRS008,56,C
STU0276,CRS010,57,C
STU0276,CRS009,70,B
STU0276,CRS014,88,A
STU0276,CRS003,74,B
STU0276,CRS011,76,B+
STU0277,CRS007,70,B
STU0277,CRS012,87,A
STU0277,CRS003,72,B
STU0277,CRS001,58,C
STU0277,CRS006,95,A
STU0277,CRS011,71,B
STU0277,CRS010,79,B+
STU0277,CRS005,56,C
STU0278,CRS005,98,A
STU0278,CRS004,94,A
STU0278,CRS003,95,A
STU0278,CRS006,98,A
STU0278,CRS007,69,B
STU0278,CRS013,81,B+
STU0278,CRS002,70,B
STU0278,CRS011,91,A
STU0278,CRS015,64,C
STU0279,CRS005,92,A
STU0279,CRS010,89,A
STU0279,CRS006,98,A
STU0279,CRS008,67,B
STU0279,CRS009,63,C
STU0279,CRS003,74,B
STU0279,CRS004,88,A
STU0279,CRS014,63,C
STU0280,CRS015,90,A
STU0280,CRS013,89,A
STU0280,CRS003,62,C
STU0280,CRS011,66,B
STU0280,CRS010,75,B+
STU0280,CRS014,64,C
STU0280,CRS006,56,C
STU0280,CRS002,75,B+
STU0281,CRS007,61,C
STU0281,CRS005,63,C
STU0281,CRS008,66,B
STU0281,CRS012,56,C
STU0281,CRS011,94,A
STU0281,CRS014,94,A
STU0281,CRS003,72,B
STU0281,CRS004,93,A
STU0282,CRS010,85,A
STU0282,CRS004,63,C
STU0282,CRS015,87,A
STU0282,CRS014,93,A
STU0282,CRS012,85,A
STU0282,CRS001,96,A
STU0282,CRS006,78,B+
STU0282,CRS002,66,B
STU0282,CRS009,79,B+
STU0283,CRS008,72,B
STU0283,CRS003,81,B+
STU0283,CRS014,69,B
STU0283,CRS004,97,A
STU0283,CRS012,67,B
STU0283,CRS001,68,B
STU0283,CRS007,59,C
STU0283,CRS010,66,B
STU0284,CRS014,80,B+
STU0284,CRS010,57,C
STU0284,CRS008,93,A
STU0284,CRS012,79,B+
STU0284,CRS006,75,B+
STU0284,CRS013,80,B+
STU0284,CRS004,94,A
STU0284,CRS007,91,A
STU0285,CRS009,57,C
STU0285,CRS015,70,B
STU0285,CRS011,88,A
STU0285,CRS012,89,A
STU0285,CRS001,80,B+
STU0285,CRS014,57,C
STU0285,CRS002,90,A
STU0285,CRS008,79,B+
STU0285,CRS004,88,A
STU0286,CRS001,73,B
STU0286,CRS004,94,A
STU0286,CRS005,58,C
STU0286,CRS008,88,A
STU0286,CRS007,64,C
STU0286,CRS013,84,B+
STU0286,CRS010,96,A
STU0286,CRS012,83,B+
STU0286,CRS002,60,C
STU0286,CRS014,87,A
STU0287,CRS003,63,C
STU0287,CRS013,80,B+
STU0287,CRS010,81,B+
STU0287,CRS012,75,B+
STU0287,CRS009,83,B+
STU0288,CRS003,84,B+
STU0288,CRS008,60,C
STU0288,CRS010,71,B
STU0288,CRS012,75,B+
STU0288,CRS004,96,A
STU0289,CRS013,60,C
STU0289,CRS003,88,A
STU0289,CRS012,79,B+
STU0289,CRS015,87,A
STU0289,CRS002,94,A
STU0289,CRS011,65,B
STU0289,CRS010,79,B+
STU0289,CRS008,90,A
STU0289,CRS006,79,B+
STU0289,CRS014,57,C
STU0290,CRS015,64,C
STU0290,CRS006,66,B
STU0290,CRS010,58,C
STU0290,CRS011,81,B+
STU0290,CRS003,74,B
STU0290,CRS012,74,B
STU0291,CRS013,71,B
STU0291,CRS008,55,C
STU0291,CRS005,84,B+
STU0291,CRS011,86,A
STU0291,CRS003,86,A
STU0291,CRS002,89,A
STU0291,CRS012,55,C
STU0291,CRS004,93,A
STU0291,CRS001,86,A
STU0291,CRS015,70,B
STU0292,CRS010,60,C
STU0292,CRS011,93,A
STU0292,CRS008,93,A
STU0292,CRS013,55,C
STU0292,CRS007,70,B
STU0292,CRS012,90,A
STU0293,CRS010,58,C
STU0293,CRS011,96,A
STU0293,CRS009,77,B+
STU0293,CRS004,57,C
STU0293,CRS001,64,C
STU0293,CRS003,57,C
STU0293,CRS015,97,A
STU0294,CRS014,65,B
STU0294,CRS010,98,A
STU0294,CRS005,73,B
STU0294,CRS006,94,A
STU0294,CRS002,97,A
STU0294,CRS001,93,A
STU0294,CRS011,91,A
STU0294,CRS007,90,A
STU0294,CRS009,66,B
STU0295,CRS012,79,B+
STU0295,CRS010,59,C
STU0295,CRS006,82,B+
STU0295,CRS001,90,A
STU0295,CRS002,59,C
STU0295,CRS005,73,B
STU0295,CRS013,85,A
STU0295,CRS009,63,C
STU0296,CRS012,81,B+
STU0296,CRS014,88,A
STU0296,CRS005,68,B
STU0296,CRS006,68,B
STU0296,CRS009,94,A
STU0297,CRS002,60,C
STU0297,CRS010,85,A
STU0297,CRS012,93,A
STU0297,CRS011,73,B
STU0297,CRS009,82,B+
STU0298,CRS014,91,A
STU0298,CRS006,86,A
STU0298,CRS005,88,A
STU0298,CRS009,95,A
STU0298,CRS010,86,A
STU0298,CRS011,86,A
STU0298,CRS015,66,B
STU0298,CRS003,94,A
STU0298,CRS013,69,B
STU0299,CRS005,81,B+
STU0299,CRS004,81,B+
STU0299,CRS001,57,C
STU0299,CRS002,76,B+
STU0299,CRS013,77,B+
STU0299,CRS008,90,A
STU0299,CRS012,95,A
STU0299,CRS014,68,B
STU0299,CRS007,55,C
STU0299,CRS015,95,A
STU0300,CRS012,87,A
STU0300,CRS005,90,A
STU0300,CRS014,75,B+
STU0300,CRS002,55,C
STU0300,CRS013,62,C
STU0300,CRS011,98,A
STU0301,CRS006,67,B
STU0301,CRS007,76,B+
STU0301,CRS012,76,B+
STU0301,CRS010,98,A
STU0301,CRS013,85,A
STU0301,CRS001,85,A
STU0301,CRS003,57,C
STU0302,CRS003,58,C
STU0302,CRS008,88,A
STU0302,CRS015,74,B
STU0302,CRS011,91,A
STU0302,CRS014,98,A
STU0302,CRS009,75,B+
STU0302,CRS006,90,A
STU0302,CRS012,89,A
STU0302,CRS007,56,C
STU0302,CRS004,68,B
STU0303,CRS011,79,B+
STU0303,CRS006,95,A
STU0303,CRS013,89,A
STU0303,CRS014,65,B
STU0303,CRS002,91,A
STU0303,CRS003,93,A
STU0303,CRS005,79,B+
STU0303,CRS001,66,B
STU0303,CRS010,93,A
STU0304,CRS014,57,C
STU0304,CRS013,72,B
STU0304,CRS015,81,B+
STU0304,CRS005,60,C
STU0304,CRS006,86,A
STU0305,CRS006,66,B
STU0305,CRS008,62,C
STU0305,CRS005,78,B+
STU0305,CRS004,57,C
STU0305,CRS009,67,B
STU0305,CRS013,60,C
STU0306,CRS009,85,A
STU0306,CRS001,88,A
STU0306,CRS013,74,B
STU0306,CRS008,75,B+
STU0306,CRS015,64,C
STU0306,CRS003,61,C
STU0306,CRS004,88,A
STU0306,CRS006,98,A
STU0307,CRS004,62,C
STU0307,CRS012,55,C
STU0307,CRS001,74,B
STU0307,CRS008,57,C
STU0307,CRS007,98,A
STU0307,CRS009,93,A
STU0308,CRS006,97,A
STU0308,CRS008,74,B
STU0308,CRS001,56,C
STU0308,CRS002,91,A
STU0308,CRS009,74,B
STU0309,CRS015,97,A
STU0309,CRS004,62,C
STU0309,CRS006,72,B
STU0309,CRS014,64,C
STU0309,CRS012,65,B
STU0309,CRS005,72,B
STU0309,CRS010,62,C
STU0309,CRS013,55,C
STU0309,CRS007,94,A
STU0309,CRS011,90,A
STU0310,CRS002,73,B
STU0310,CRS004,91,A
STU0310,CRS009,70,B
STU0310,CRS006,65,B
STU0310,CRS013,59,C
STU0310,CRS012,74,B
STU0310,CRS005,94,A
STU0310,CRS003,76,B+
STU0310,CRS010,89,A
STU0311,CRS001,58,C
STU0311,CRS003,60,C
STU0311,CRS015,82,B+
STU0311,CRS008,80,B+
STU0311,CRS011,66,B
STU0311,CRS013,93,A
STU0311,CRS002,92,A
STU0311,CRS007,95,A
STU0312,CRS012,91,A
STU0312,CRS008,63,C
STU0312,CRS010,60,C
STU0312,CRS006,84,B+
STU0312,CRS005,61,C
STU0312,CRS015,84,B+
STU0312,CRS004,74,B
STU0312,CRS002,98,A
STU0312,CRS007,96,A
STU0312,CRS009,84,B+
STU0313,CRS004,97,A
STU0313,CRS015,76,B+
STU0313,CRS003,75,B+
STU0313,CRS010,84,B+
STU0313,CRS005,86,A
STU0313,CRS006,56,C
STU0313,CRS007,59,C
STU0313,CRS013,85,A
STU0314,CRS006,77,B+
STU0314,CRS008,93,A
STU0314,CRS014,91,A
STU0314,CRS003,63,C
STU0314,CRS005,87,A
STU0315,CRS007,90,A
STU0315,CRS014,96,A
STU0315,CRS012,59,C
STU0315,CRS002,74,B
STU0315,CRS006,89,A
STU0316,CRS007,85,A
STU0316,CRS010,79,B+
STU0316,CRS015,59,C
STU0316,CRS004,76,B+
STU0316,CRS014,68,B
STU0316,CRS012,92,A
STU0316,CRS009,82,B+
STU0316,CRS003,82,B+
STU0317,CRS013,92,A
STU0317,CRS006,93,A
STU0317,CRS009,84,B+
STU0317,CRS012,75,B+
STU0317,CRS004,90,A
STU0317,CRS003,61,C
STU0317,CRS002,83,B+
STU0317,CRS008,66,B
STU0317,CRS001,74,B
STU0318,CRS002,96,A
STU0318,CRS010,97,A
STU0318,CRS015,58,C
STU0318,CRS011,60,C
STU0318,CRS014,68,B
STU0318,CRS007,63,C
STU0318,CRS006,92,A
STU0318,CRS008,95,A
STU0319,CRS013,89,A
STU0319,CRS003,73,B
STU0319,CRS011,79,B+
STU0319,CRS014,94,A
STU0319,CRS008,91,A
STU0320,CRS004,77,B+
STU0320,CRS015,60,C
STU0320,CRS011,92,A
STU0320,CRS006,55,C
STU0320,CRS005,94,A
STU0320,CRS010,87,A
STU0320,CRS013,80,B+
STU0320,CRS007,63,C
STU0321,CRS001,62,C
STU0321,CRS006,73,B
STU0321,CRS009,56,C
STU0321,CRS015,70,B
STU0321,CRS012,82,B+
STU0321,CRS013,92,A
STU0321,CRS014,80,B+
STU0322,CRS006,85,A
STU0322,CRS012,63,C
STU0322,CRS007,67,B
STU0322,CRS013,90,A
STU0322,CRS014,79,B+
STU0322,CRS011,78,B+
STU0322,CRS009,81,B+
STU0322,CRS004,64,C
STU0322,CRS015,73,B
STU0322,CRS002,97,A
STU0323,CRS003,86,A
STU0323,CRS001,97,A
STU0323,CRS002,82,B+
STU0323,CRS011,63,C
STU0323,CRS014,60,C
STU0323,CRS015,63,C
STU0324,CRS013,90,A
STU0324,CRS007,83,B+
STU0324,CRS008,79,B+
STU0324,CRS012,77,B+
STU0324,CRS010,69,B
STU0324,CRS014,66,B
STU0324,CRS003,82,B+
STU0324,CRS015,93,A
STU0324,CRS005,55,C
STU0324,CRS004,91,A
STU0325,CRS014,57,C
STU0325,CRS012,57,C
STU0325,CRS004,91,A
STU0325,CRS015,85,A
STU0325,CRS009,78,B+
STU0325,CRS005,62,C
STU0325,CRS007,92,A
STU0325,CRS006,85,A
STU0326,CRS002,60,C
STU0326,CRS003,70,B
STU0326,CRS012,85,A
STU0326,CRS013,95,A
STU0326,CRS009,97,A
STU0326,CRS005,97,A
STU0326,CRS008,59,C
STU0326,CRS015,98,A
STU0326,CRS010,95,A
STU0326,CRS007,89,A
STU0327,CRS005,85,A
STU0327,CRS010,91,A
STU0327,CRS001,76,B+
STU0327,CRS006,81,B+
STU0327,CRS009,77,B+
STU0327,CRS013,73,B
STU0327,CRS008,73,B
STU0327,CRS011,65,B
STU0327,CRS015,57,C
STU0328,CRS015,91,A
STU0328,CRS010,58,C
STU0328,CRS012,97,A
STU0328,CRS005,73,B
STU0328,CRS014,94,A
STU0328,CRS013,56,C
STU0328,CRS001,73,B
STU0328,CRS008,86,A
STU0328,CRS011,60,C
STU0328,CRS002,63,C
STU0329,CRS002,71,B
STU0329,CRS014,55,C
STU0329,CRS013,62,C
STU0329,CRS005,93,A
STU0329,CRS012,66,B
STU0329,CRS003,92,A
STU0329,CRS011,64,C
STU0329,CRS009,97,A
STU0329,CRS007,83,B+
STU0330,CRS013,88,A
STU0330,CRS003,57,C
STU0330,CRS005,76,B+
STU0330,CRS012,60,C
STU0330,CRS004,64,C
STU0330,CRS008,93,A
STU0330,CRS014,64,C
STU0331,CRS013,91,A
STU0331,CRS007,77,B+
STU0331,CRS015,58,C
STU0331,CRS014,96,A
STU0331,CRS004,71,B
STU0331,CRS008,62,C
STU0331,CRS003,58,C
STU0331,CRS011,65,B
STU0332,CRS007,85,A
STU0332,CRS008,71,B
STU0332,CRS005,64,C
STU0332,CRS014,88,A
STU0332,CRS009,82,B+
STU0332,CRS004,55,C
STU0332,CRS015,73,B
STU0332,CRS011,83,B+
STU0333,CRS011,82,B+
STU0333,CRS006,94,A
STU0333,CRS009,96,A
STU0333,CRS015,72,B
STU0333,CRS001,76,B+
STU0333,CRS002,72,B
STU0333,CRS013,72,B
STU0333,CRS014,61,C
STU0334,CRS011,88,A
STU0334,CRS010,76,B+
STU0334,CRS007,98,A
STU0334,CRS008,66,B
STU0334,CRS015,75,B+
STU0334,CRS004,90,A
STU0334,CRS014,55,C
STU0335,CRS001,77,B+
STU0335,CRS014,69,B
STU0335,CRS002,73,B
STU0335,CRS015,71,B
STU0335,CRS007,67,B
STU0335,CRS013,57,C
STU0335,CRS009,56,C
STU0335,CRS010,94,A
STU0335,CRS006,60,C
STU0335,CRS004,58,C
STU0336,CRS011,93,A
STU0336,CRS014,63,C
STU0336,CRS004,79,B+
STU0336,CRS010,97,A
STU0336,CRS015,96,A
STU0336,CRS002,91,A
STU0336,CRS012,66,B
STU0336,CRS009,62,C
STU0336,CRS007,66,B
STU0337,CRS005,82,B+
STU0337,CRS008,97,A
STU0337,CRS011,75,B+
STU0337,CRS002,71,B
STU0337,CRS013,65,B
STU0337,CRS014,59,C
STU0337,CRS015,72,B
STU0338,CRS007,71,B
STU0338,CRS015,66,B
STU0338,CRS006,83,B+
STU0338,CRS001,59,C
STU0338,CRS005,86,A
STU0339,CRS010,64,C
STU0339,CRS007,89,A
STU0339,CRS003,82,B+
STU0339,CRS011,68,B
STU0339,CRS008,94,A
STU0339,CRS002,96,A
STU0340,CRS015,57,C
STU0340,CRS008,59,C
STU0340,CRS012,59,C
STU0340,CRS005,91,A
STU0340,CRS002,71,B
STU0341,CRS001,72,B
STU0341,CRS008,64,C
STU0341,CRS003,76,B+
STU0341,CRS011,80,B+
STU0341,CRS012,91,A
STU0341,CRS015,55,C
STU0341,CRS010,87,A
STU0341,CRS007,86,A
STU0342,CRS007,85,A
STU0342,CRS015,62,C
STU0342,CRS012,91,A
STU0342,CRS002,89,A
STU0342,CRS009,77,B+
STU0342,CRS004,76,B+
STU0342,CRS001,98,A
STU0342,CRS014,74,B
STU0343,CRS001,84,B+
STU0343,CRS011,73,B
STU0343,CRS014,96,A
STU0343,CRS002,67,B
STU0343,CRS006,66,B
STU0343,CRS009,90,A
STU0343,CRS013,57,C
STU0343,CRS012,79,B+
STU0344,CRS004,67,B
STU0344,CRS005,63,C
STU0344,CRS012,57,C
STU0344,CRS007,67,B
STU0344,CRS002,56,C
STU0344,CRS006,92,A
STU0344,CRS008,70,B
STU0344,CRS011,86,A
STU0344,CRS010,79,B+
STU0344,CRS015,59,C
STU0345,CRS011,76,B+
STU0345,CRS005,57,C
STU0345,CRS008,80,B+
STU0345,CRS009,62,C
STU0345,CRS013,68,B
STU0345,CRS001,96,A
STU0345,CRS010,97,A
STU0345,CRS006,88,A
STU0345,CRS012,84,B+
STU0346,CRS014,86,A
STU0346,CRS015,96,A
STU0346,CRS009,56,C
STU0346,CRS003,85,A
STU0346,CRS010,94,A
STU0346,CRS004,57,C
STU0346,CRS002,70,B
STU0346,CRS001,96,A
STU0346,CRS006,63,C
STU0346,CRS013,55,C
STU0347,CRS011,65,B
STU0347,CRS001,92,A
STU0347,CRS005,59,C
STU0347,CRS002,61,C
STU0347,CRS008,62,C
STU0347,CRS010,86,A
STU0348,CRS013,62,C
STU0348,CRS010,98,A
STU0348,CRS004,91,A
STU0348,CRS002,89,A
STU0348,CRS015,63,C
STU0348,CRS007,75,B+
STU0348,CRS006,68,B
STU0348,CRS014,57,C
STU0348,CRS003,92,A
STU0349,CRS006,65,B
STU0349,CRS002,78,B+
STU0349,CRS014,90,A
STU0349,CRS005,65,B
STU0349,CRS003,83,B+
STU0349,CRS007,70,B
STU0350,CRS001,60,C
STU0350,CRS003,55,C
STU0350,CRS002,55,C
STU0350,CRS011,66,B
STU0350,CRS010,60,C
STU0350,CRS007,96,A
STU0350,CRS014,92,A
STU0350,CRS015,73,B
STU0350,CRS004,81,B+
STU0351,CRS013,81,B+
STU0351,CRS015,70,B
STU0351,CRS014,66,B
STU0351,CRS008,94,A
STU0351,CRS003,57,C
STU0351,CRS004,93,A
STU0351,CRS011,66,B
STU0351,CRS005,86,A
STU0351,CRS012,94,A
STU0351,CRS010,60,C
STU0352,CRS014,88,A
STU0352,CRS013,61,C
STU0352,CRS005,94,A
STU0352,CRS006,78,B+
STU0352,CRS007,89,A
STU0352,CRS001,87,A
STU0352,CRS009,69,B
STU0352,CRS004,84,B+
STU0352,CRS002,95,A
STU0352,CRS010,97,A
STU0353,CRS005,86,A
STU0353,CRS001,66,B
STU0353,CRS004,65,B
STU0353,CRS002,97,A
STU0353,CRS003,57,C
STU0353,CRS008,58,C
STU0354,CRS006,58,C
STU0354,CRS005,89,A
STU0354,CRS004,66,B
STU0354,CRS007,65,B
STU0354,CRS014,56,C
STU0354,CRS015,86,A
STU0354,CRS008,87,A
STU0354,CRS001,62,C
STU0354,CRS009,59,C
STU0354,CRS010,70,B
STU0355,CRS008,75,B+
STU0355,CRS010,69,B
STU0355,CRS014,61,C
STU0355,CRS006,70,B
STU0355,CRS007,81,B+
STU0355,CRS004,67,B
STU0355,CRS012,79,B+
STU0355,CRS013,69,B
STU0355,CRS011,59,C
STU0355,CRS001,85,A
STU0356,CRS008,78,B+
STU0356,CRS001,63,C
STU0356,CRS007,84,B+
STU0356,CRS003,67,B
STU0356,CRS004,95,A
STU0356,CRS010,77,B+
STU0356,CRS015,72,B
STU0356,CRS012,67,B
STU0356,CRS011,76,B+
STU0357,CRS001,62,C
STU0357,CRS012,84,B+
STU0357,CRS010,84,B+
STU0357,CRS015,81,B+
STU0357,CRS005,65,B
STU0357,CRS003,76,B+
STU0358,CRS015,65,B
STU0358,CRS005,91,A
STU0358,CRS010,90,A
STU0358,CRS003,69,B
STU0358,CRS011,60,C
STU0358,CRS013,81,B+
STU0359,CRS008,82,B+
STU0359,CRS014,70,B
STU0359,CRS004,70,B
STU0359,CRS010,75,B+
STU0359,CRS015,82,B+
STU0359,CRS011,92,A
STU0359,CRS005,69,B
STU0359,CRS001,92,A
STU0359,CRS006,64,C
STU0360,CRS015,88,A
STU0360,CRS001,80,B+
STU0360,CRS007,85,A
STU0360,CRS014,61,C
STU0360,CRS012,83,B+
STU0360,CRS008,86,A
STU0360,CRS009,70,B
STU0360,CRS011,60,C
STU0360,CRS004,90,A
STU0361,CRS012,77,B+
STU0361,CRS015,73,B
STU0361,CRS007,70,B
STU0361,CRS004,96,A
STU0361,CRS003,60,C
STU0362,CRS008,91,A
STU0362,CRS011,92,A
STU0362,CRS005,56,C
STU0362,CRS003,84,B+
STU0362,CRS015,84,B+
STU0363,CRS014,95,A
STU0363,CRS012,55,C
STU0363,CRS007,95,A
STU0363,CRS003,59,C
STU0363,CRS006,79,B+
STU0363,CRS008,76,B+
STU0364,CRS001,76,B+
STU0364,CRS005,58,C
STU0364,CRS007,87,A
STU0364,CRS014,98,A
STU0364,CRS010,78,B+
STU0364,CRS009,58,C
STU0364,CRS004,62,C
STU0364,CRS002,79,B+
STU0364,CRS012,78,B+
STU0365,CRS010,63,C
STU0365,CRS001,76,B+
STU0365,CRS006,70,B
STU0365,CRS013,89,A
STU0365,CRS003,62,C
STU0365,CRS009,96,A
STU0365,CRS002,85,A
STU0365,CRS004,92,A
STU0366,CRS004,59,C
STU0366,CRS013,78,B+
STU0366,CRS012,77,B+
STU0366,CRS015,83,B+
STU0366,CRS006,86,A
STU0366,CRS011,87,A
STU0366,CRS005,88,A
STU0366,CRS007,62,C
STU0366,CRS003,85,A
STU0366,CRS001,89,A
STU0367,CRS014,60,C
STU0367,CRS009,80,B+
STU0367,CRS005,66,B
STU0367,CRS008,73,B
STU0367,CRS010,59,C
STU0367,CRS006,61,C
STU0367,CRS002,65,B
STU0367,CRS004,72,B
STU0367,CRS012,62,C
STU0367,CRS001,64,C
STU0368,CRS003,98,A
STU0368,CRS014,89,A
STU0368,CRS004,63,C
STU0368,CRS009,85,A
STU0368,CRS011,77,B+
STU0368,CRS001,81,B+
STU0368,CRS005,83,B+
STU0368,CRS007,96,A
STU0369,CRS005,88,A
STU0369,CRS004,96,A
STU0369,CRS002,76,B+
STU0369,CRS001,81,B+
STU0369,CRS014,92,A
STU0370,CRS011,90,A
STU0370,CRS015,83,B+
STU0370,CRS013,84,B+
STU0370,CRS006,74,B
STU0370,CRS008,91,A
STU0370,CRS010,63,C
STU0370,CRS009,74,B
STU0371,CRS013,58,C
STU0371,CRS005,64,C
STU0371,CRS004,77,B+
STU0371,CRS008,73,B
STU0371,CRS006,84,B+
STU0371,CRS014,65,B
STU0372,CRS015,70,B
STU0372,CRS003,62,C
STU0372,CRS012,57,C
STU0372,CRS009,75,B+
STU0372,CRS005,91,A
STU0372,CRS014,63,C
STU0372,CRS010,83,B+
STU0372,CRS013,71,B
STU0372,CRS002,78,B+
STU0373,CRS004,77,B+
STU0373,CRS009,64,C
STU0373,CRS012,78,B+
STU0373,CRS001,83,B+
STU0373,CRS011,89,A
STU0373,CRS006,65,B
STU0374,CRS005,55,C
STU0374,CRS002,89,A
STU0374,CRS001,87,A
STU0374,CRS007,76,B+
STU0374,CRS008,96,A
STU0374,CRS003,73,B
STU0374,CRS011,85,A
STU0374,CRS006,73,B
STU0374,CRS014,91,A
STU0375,CRS003,98,A
STU0375,CRS013,90,A
STU0375,CRS010,62,C
STU0375,CRS012,74,B
STU0375,CRS008,56,C
STU0375,CRS006,80,B+
STU0375,CRS002,94,A
STU0375,CRS011,69,B
STU0375,CRS001,83,B+
STU0375,CRS009,77,B+
STU0376,CRS006,92,A
STU0376,CRS001,88,A
STU0376,CRS010,69,B
STU0376,CRS011,72,B
STU0376,CRS004,67,B
STU0377,CRS002,60,C
STU0377,CRS009,87,A
STU0377,CRS008,80,B+
STU0377,CRS011,67,B
STU0377,CRS012,86,A
STU0378,CRS010,64,C
STU0378,CRS015,82,B+
STU0378,CRS009,78,B+
STU0378,CRS001,79,B+
STU0378,CRS011,78,B+
STU0378,CRS006,55,C
STU0378,CRS007,73,B
STU0379,CRS006,81,B+
STU0379,CRS005,83,B+
STU0379,CRS008,73,B
STU0379,CRS009,65,B
STU0379,CRS002,82,B+
STU0379,CRS004,81,B+
STU0379,CRS013,63,C
STU0380,CRS010,92,A
STU0380,CRS002,79,B+
STU0380,CRS003,60,C
STU0380,CRS004,55,C
STU0380,CRS005,81,B+
STU0380,CRS008,95,A
STU0380,CRS009,72,B
STU0380,CRS006,81,B+
STU0380,CRS001,66,B
STU0381,CRS008,86,A
STU0381,CRS012,57,C
STU0381,CRS010,74,B
STU0381,CRS003,92,A
STU0381,CRS004,74,B
STU0381,CRS014,86,A
STU0381,CRS007,90,A
STU0381,CRS005,84,B+
STU0381,CRS015,69,B
STU0382,CRS013,95,A
STU0382,CRS001,95,A
STU0382,CRS003,85,A
STU0382,CRS005,62,C
STU0382,CRS012,96,A
STU0383,CRS015,86,A
STU0383,CRS005,59,C
STU0383,CRS007,93,A
STU0383,CRS003,78,B+
STU0383,CRS008,92,A
STU0383,CRS004,85,A
STU0383,CRS001,91,A
STU0383,CRS002,82,B+
STU0383,CRS013,71,B
STU0383,CRS012,95,A
STU0384,CRS008,58,C
STU0384,CRS012,64,C
STU0384,CRS002,75,B+
STU0384,CRS006,84,B+
STU0384,CRS009,63,C
STU0384,CRS010,77,B+
STU0384,CRS001,65,B
STU0384,CRS005,58,C
STU0384,CRS013,72,B
STU0384,CRS015,78,B+
STU0385,CRS011,95,A
STU0385,CRS006,66,B
STU0385,CRS001,61,C
STU0385,CRS005,93,A
STU0385,CRS012,65,B
STU0385,CRS009,89,A
STU0385,CRS002,75,B+
STU0385,CRS004,75,B+
STU0386,CRS013,55,C
STU0386,CRS005,63,C
STU0386,CRS014,88,A
STU0386,CRS011,73,B
STU0386,CRS006,78,B+
STU0386,CRS002,86,A
STU0386,CRS009,81,B+
STU0386,CRS012,76,B+
STU0386,CRS007,65,B
STU0386,CRS010,61,C
STU0387,CRS003,88,A
STU0387,CRS009,89,A
STU0387,CRS004,90,A
STU0387,CRS013,62,C
STU0387,CRS014,81,B+
STU0387,CRS010,84,B+
STU0388,CRS002,77,B+
STU0388,CRS014,74,B
STU0388,CRS003,78,B+
STU0388,CRS001,63,C
STU0388,CRS008,83,B+
STU0389,CRS009,64,C
STU0389,CRS013,69,B
STU0389,CRS006,74,B
STU0389,CRS003,63,C
STU0389,CRS005,68,B
STU0389,CRS001,63,C
STU0389,CRS002,60,C
STU0389,CRS004,82,B+
STU0389,CRS015,62,C
STU0390,CRS001,67,B
STU0390,CRS013,61,C
STU0390,CRS008,57,C
STU0390,CRS007,97,A
STU0390,CRS015,87,A
STU0391,CRS001,61,C
STU0391,CRS008,62,C
STU0391,CRS002,93,A
STU0391,CRS005,68,B
STU0391,CRS015,92,A
STU0391,CRS013,67,B
STU0391,CRS012,66,B
STU0391,CRS011,97,A
STU0391,CRS007,77,B+
STU0392,CRS002,77,B+
STU0392,CRS003,77,B+
STU0392,CRS012,65,B
STU0392,CRS005,87,A
STU0392,CRS010,94,A
STU0393,CRS009,88,A
STU0393,CRS010,68,B
STU0393,CRS002,67,B
STU0393,CRS013,73,B
STU0393,CRS014,65,B
STU0393,CRS001,89,A
STU0394,CRS012,78,B+
STU0394,CRS002,92,A
STU0394,CRS004,66,B
STU0394,CRS009,83,B+
STU0394,CRS008,98,A
STU0395,CRS003,68,B
STU0395,CRS014,87,A
STU0395,CRS006,69,B
STU0395,CRS007,81,B+
STU0395,CRS012,62,C
STU0396,CRS002,73,B
STU0396,CRS008,90,A
STU0396,CRS015,57,C
STU0396,CRS009,60,C
STU0396,CRS003,75,B+
STU0396,CRS014,86,A
STU0396,CRS006,62,C
STU0397,CRS005,73,B
STU0397,CRS008,82,B+
STU0397,CRS010,67,B
STU0397,CRS012,59,C
STU0397,CRS015,85,A
STU0397,CRS014,98,A
STU0397,CRS004,78,B+
STU0397,CRS007,66,B
STU0398,CRS011,83,B+
STU0398,CRS008,88,A
STU0398,CRS015,97,A
STU0398,CRS002,98,A
STU0398,CRS007,60,C
STU0399,CRS003,61,C
STU0399,CRS007,65,B
STU0399,CRS014,59,C
STU0399,CRS012,78,B+
STU0399,CRS010,67,B
STU0400,CRS004,72,B
STU0400,CRS010,92,A
STU0400,CRS007,92,A
STU0400,CRS002,72,B
STU0400,CRS015,96,A
STU0400,CRS013,80,B+
STU0400,CRS008,77,B+
STU0401,CRS011,61,C
STU0401,CRS010,62,C
STU0401,CRS007,71,B
STU0401,CRS008,86,A
STU0401,CRS009,86,A
STU0401,CRS005,69,B
STU0401,CRS003,95,A
STU0401,CRS012,63,C
STU0402,CRS002,98,A
STU0402,CRS012,56,C
STU0402,CRS001,66,B
STU0402,CRS015,79,B+
STU0402,CRS008,93,A
STU0403,CRS006,67,B
STU0403,CRS003,73,B
STU0403,CRS005,97,A
STU0403,CRS010,86,A
STU0403,CRS012,86,A
STU0403,CRS002,87,A
STU0403,CRS011,71,B
STU0403,CRS008,89,A
STU0403,CRS007,76,B+
STU0403,CRS004,89,A
STU0404,CRS001,79,B+
STU0404,CRS013,83,B+
STU0404,CRS015,84,B+
STU0404,CRS007,57,C
STU0404,CRS002,57,C
STU0404,CRS012,66,B
STU0404,CRS008,90,A
STU0404,CRS006,97,A
STU0404,CRS010,74,B
STU0405,CRS003,86,A
STU0405,CRS008,97,A
STU0405,CRS007,90,A
STU0405,CRS015,98,A
STU0405,CRS005,89,A
STU0405,CRS013,91,A
STU0405,CRS014,85,A
STU0405,CRS002,85,A
STU0405,CRS011,90,A
STU0405,CRS006,65,B
STU0406,CRS001,58,C
STU0406,CRS007,56,C
STU0406,CRS005,92,A
STU0406,CRS008,57,C
STU0406,CRS010,63,C
STU0406,CRS014,78,B+
STU0406,CRS006,77,B+
STU0406,CRS013,92,A
STU0406,CRS003,56,C
STU0407,CRS006,70,B
STU0407,CRS007,70,B
STU0407,CRS002,70,B
STU0407,CRS014,96,A
STU0407,CRS015,74,B
STU0407,CRS011,92,A
STU0407,CRS012,60,C
STU0407,CRS010,59,C
STU0407,CRS001,74,B
STU0407,CRS008,62,C
STU0408,CRS003,91,A
STU0408,CRS001,87,A
STU0408,CRS009,81,B+
STU0408,CRS006,72,B
STU0408,CRS014,56,C
STU0408,CRS008,85,A
STU0408,CRS007,92,A
STU0409,CRS006,91,A
STU0409,CRS007,61,C
STU0409,CRS010,86,A
STU0409,CRS014,61,C
STU0409,CRS015,98,A
STU0410,CRS006,94,A
STU0410,CRS008,74,B
STU0410,CRS009,78,B+
STU0410,CRS011,82,B+
STU0410,CRS015,67,B
STU0410,CRS003,86,A
STU0411,CRS014,80,B+
STU0411,CRS013,69,B
STU0411,CRS002,94,A
STU0411,CRS009,60,C
STU0411,CRS004,92,A
STU0411,CRS005,61,C
STU0411,CRS010,92,A
STU0411,CRS001,76,B+
STU0411,CRS003,72,B
STU0411,CRS012,59,C
STU0412,CRS013,74,B
STU0412,CRS009,82,B+
STU0412,CRS008,97,A
STU0412,CRS007,89,A
STU0412,CRS004,75,B+
STU0412,CRS006,67,B
STU0412,CRS002,81,B+
STU0412,CRS005,80,B+
STU0412,CRS015,71,B
STU0413,CRS009,86,A
STU0413,CRS008,68,B
STU0413,CRS011,97,A
STU0413,CRS015,84,B+
STU0413,CRS003,72,B
STU0413,CRS001,95,A
STU0413,CRS012,89,A
STU0413,CRS013,94,A
STU0413,CRS005,82,B+
STU0414,CRS012,64,C
STU0414,CRS011,98,A
STU0414,CRS001,74,B
STU0414,CRS009,82,B+
STU0414,CRS004,81,B+
STU0414,CRS006,75,B+
STU0414,CRS008,59,C
STU0414,CRS003,95,A
STU0414,CRS002,68,B
STU0415,CRS005,70,B
STU0415,CRS014,62,C
STU0415,CRS015,64,C
STU0415,CRS011,67,B
STU0415,CRS003,56,C
STU0415,CRS013,70,B
STU0415,CRS004,74,B
STU0415,CRS007,84,B+
STU0416,CRS009,63,C
STU0416,CRS007,56,C
STU0416,CRS014,71,B
STU0416,CRS011,72,B
STU0416,CRS001,97,A
STU0416,CRS004,90,A
STU0416,CRS003,66,B
STU0416,CRS005,96,A
STU0417,CRS012,60,C
STU0417,CRS008,75,B+
STU0417,CRS013,93,A
STU0417,CRS001,74,B
STU0417,CRS015,59,C
STU0418,CRS015,62,C
STU0418,CRS006,91,A
STU0418,CRS011,87,A
STU0418,CRS013,62,C
STU0418,CRS002,88,A
STU0418,CRS007,97,A
STU0418,CRS003,92,A
STU0418,CRS004,88,A
STU0419,CRS008,92,A
STU0419,CRS002,79,B+
STU0419,CRS004,70,B
STU0419,CRS010,82,B+
STU0419,CRS014,68,B
STU0419,CRS006,64,C
STU0419,CRS012,61,C
STU0420,CRS004,58,C
STU0420,CRS005,86,A
STU0420,CRS008,89,A
STU0420,CRS007,78,B+
STU0420,CRS014,62,C
STU0420,CRS010,75,B+
STU0421,CRS007,78,B+
STU0421,CRS008,74,B
STU0421,CRS011,56,C
STU0421,CRS004,96,A
STU0421,CRS005,93,A
STU0421,CRS003,57,C
STU0421,CRS006,97,A
STU0421,CRS014,58,C
STU0421,CRS009,97,A
STU0422,CRS005,98,A
STU0422,CRS009,62,C
STU0422,CRS007,89,A
STU0422,CRS015,70,B
STU0422,CRS011,83,B+
STU0422,CRS006,79,B+
STU0423,CRS015,70,B
STU0423,CRS007,74,B
STU0423,CRS005,68,B
STU0423,CRS013,65,B
STU0423,CRS002,83,B+
STU0424,CRS006,85,A
STU0424,CRS013,81,B+
STU0424,CRS014,76,B+
STU0424,CRS011,82,B+
STU0424,CRS007,61,C
STU0424,CRS001,65,B
STU0424,CRS005,71,B
STU0424,CRS002,87,A
STU0424,CRS012,59,C
STU0424,CRS004,77,B+
STU0425,CRS010,96,A
STU0425,CRS012,96,A
STU0425,CRS009,66,B
STU0425,CRS014,95,A
STU0425,CRS006,83,B+
STU0425,CRS008,96,A
STU0425,CRS001,63,C
STU0425,CRS013,55,C
STU0426,CRS004,70,B
STU0426,CRS011,88,A
STU0426,CRS005,96,A
STU0426,CRS006,63,C
STU0426,CRS010,93,A
STU0426,CRS002,98,A
STU0426,CRS014,81,B+
STU0426,CRS003,75,B+
STU0427,CRS008,67,B
STU0427,CRS014,60,C
STU0427,CRS012,81,B+
STU0427,CRS003,78,B+
STU0427,CRS005,66,B
STU0427,CRS013,80,B+
STU0427,CRS006,79,B+
STU0427,CRS011,91,A
STU0428,CRS001,60,C
STU0428,CRS015,84,B+
STU0428,CRS009,67,B
STU0428,CRS011,71,B
STU0428,CRS010,65,B
STU0428,CRS004,58,C
STU0429,CRS010,91,A
STU0429,CRS007,62,C
STU0429,CRS015,55,C
STU0429,CRS005,88,A
STU0429,CRS003,82,B+
STU0429,CRS002,84,B+
STU0429,CRS006,98,A
STU0429,CRS011,86,A
STU0430,CRS004,73,B
STU0430,CRS012,86,A
STU0430,CRS015,79,B+
STU0430,CRS013,63,C
STU0430,CRS005,82,B+
STU0431,CRS010,81,B+
STU0431,CRS004,66,B
STU0431,CRS005,81,B+
STU0431,CRS012,64,C
STU0431,CRS011,56,C
STU0431,CRS014,73,B
STU0432,CRS004,60,C
STU0432,CRS010,55,C
STU0432,CRS008,85,A
STU0432,CRS015,63,C
STU0432,CRS006,75,B+
STU0432,CRS014,80,B+
STU0432,CRS013,98,A
STU0433,CRS012,59,C
STU0433,CRS007,61,C
STU0433,CRS015,90,A
STU0433,CRS014,58,C
STU0433,CRS010,58,C
STU0433,CRS005,76,B+
STU0434,CRS008,55,C
STU0434,CRS006,71,B
STU0434,CRS010,87,A
STU0434,CRS011,94,A
STU0434,CRS013,79,B+
STU0434,CRS001,74,B
STU0435,CRS011,65,B
STU0435,CRS006,87,A
STU0435,CRS003,86,A
STU0435,CRS009,76,B+
STU0435,CRS001,84,B+
STU0435,CRS010,63,C
STU0435,CRS013,60,C
STU0435,CRS005,75,B+
STU0436,CRS009,78,B+
STU0436,CRS007,82,B+
STU0436,CRS003,73,B
STU0436,CRS005,71,B
STU0436,CRS002,94,A
STU0436,CRS006,71,B
STU0436,CRS001,88,A
STU0436,CRS013,75,B+
STU0436,CRS004,82,B+
STU0436,CRS008,65,B
STU0437,CRS012,67,B
STU0437,CRS008,64,C
STU0437,CRS013,58,C
STU0437,CRS003,69,B
STU0437,CRS009,66,B
STU0437,CRS014,57,C
STU0437,CRS001,85,A
STU0438,CRS003,83,B+
STU0438,CRS012,77,B+
STU0438,CRS008,90,A
STU0438,CRS007,86,A
STU0438,CRS002,84,B+
STU0438,CRS013,86,A
STU0438,CRS001,62,C
STU0439,CRS014,87,A
STU0439,CRS003,72,B
STU0439,CRS002,91,A
STU0439,CRS006,97,A
STU0439,CRS013,92,A
STU0439,CRS004,68,B
STU0439,CRS005,92,A
STU0439,CRS015,55,C
STU0439,CRS007,88,A
STU0439,CRS011,91,A
STU0440,CRS007,76,B+
STU0440,CRS002,56,C
STU0440,CRS004,73,B
STU0440,CRS008,98,A
STU0440,CRS011,98,A
STU0440,CRS014,62,C
STU0441,CRS006,97,A
STU0441,CRS010,85,A
STU0441,CRS002,84,B+
STU0441,CRS015,95,A
STU0441,CRS003,72,B
STU0441,CRS001,93,A
STU0441,CRS013,97,A
STU0441,CRS008,55,C
STU0442,CRS001,68,B
STU0442,CRS011,58,C
STU0442,CRS010,96,A
STU0442,CRS008,73,B
STU0442,CRS006,75,B+
STU0442,CRS013,58,C
STU0442,CRS003,59,C
STU0443,CRS010,56,C
STU0443,CRS007,68,B
STU0443,CRS002,65,B
STU0443,CRS014,79,B+
STU0443,CRS005,80,B+
STU0443,CRS003,73,B
STU0443,CRS004,96,A
STU0443,CRS012,96,A
STU0443,CRS001,64,C
STU0444,CRS005,98,A
STU0444,CRS008,93,A
STU0444,CRS013,63,C
STU0444,CRS007,77,B+
STU0444,CRS015,97,A
STU0445,CRS014,83,B+
STU0445,CRS006,79,B+
STU0445,CRS009,85,A
STU0445,CRS004,72,B
STU0445,CRS008,91,A
STU0446,CRS007,82,B+
STU0446,CRS002,60,C
STU0446,CRS013,57,C
STU0446,CRS015,87,A
STU0446,CRS006,76,B+
STU0446,CRS010,84,B+
STU0446,CRS003,98,A
STU0446,CRS012,69,B
STU0446,CRS011,96,A
STU0447,CRS012,60,C
STU0447,CRS003,85,A
STU0447,CRS008,74,B
STU0447,CRS009,64,C
STU0447,CRS011,63,C
STU0447,CRS015,98,A
STU0447,CRS002,74,B
STU0447,CRS005,70,B
STU0447,CRS004,88,A
STU0447,CRS007,82,B+
STU0448,CRS010,87,A
STU0448,CRS001,82,B+
STU0448,CRS009,81,B+
STU0448,CRS002,61,C
STU0448,CRS014,84,B+
STU0448,CRS013,97,A
STU0448,CRS012,91,A
STU0449,CRS006,97,A
STU0449,CRS005,84,B+
STU0449,CRS010,66,B
STU0449,CRS002,66,B
STU0449,CRS009,80,B+
STU0449,CRS001,57,C
STU0449,CRS012,60,C
STU0450,CRS015,76,B+
STU0450,CRS012,66,B
STU0450,CRS005,68,B
STU0450,CRS006,66,B
STU0450,CRS010,60,C
STU0450,CRS008,93,A
STU0450,CRS011,71,B
STU0450,CRS013,98,A
STU0451,CRS007,62,C
STU0451,CRS009,55,C
STU0451,CRS001,65,B
STU0451,CRS013,96,A
STU0451,CRS015,85,A
STU0452,CRS012,98,A
STU0452,CRS007,98,A
STU0452,CRS011,80,B+
STU0452,CRS015,74,B
STU0452,CRS010,60,C
STU0452,CRS008,63,C
STU0452,CRS005,63,C
STU0452,CRS006,55,C
STU0453,CRS002,68,B
STU0453,CRS014,85,A
STU0453,CRS001,96,A
STU0453,CRS012,64,C
STU0453,CRS004,96,A
STU0453,CRS013,70,B
STU0454,CRS014,64,C
STU0454,CRS011,85,A
STU0454,CRS013,82,B+
STU0454,CRS009,56,C
STU0454,CRS004,62,C
STU0454,CRS002,65,B
STU0454,CRS005,64,C
STU0454,CRS008,83,B+
STU0455,CRS008,58,C
STU0455,CRS001,76,B+
STU0455,CRS015,55,C
STU0455,CRS010,61,C
STU0455,CRS004,95,A
STU0455,CRS011,82,B+
STU0455,CRS005,81,B+
STU0455,CRS007,86,A
STU0456,CRS010,92,A
STU0456,CRS015,94,A
STU0456,CRS012,98,A
STU0456,CRS009,86,A
STU0456,CRS005,69,B
STU0456,CRS001,58,C
STU0456,CRS008,88,A
STU0456,CRS007,56,C
STU0456,CRS004,82,B+
STU0456,CRS011,91,A
STU0457,CRS009,86,A
STU0457,CRS002,94,A
STU0457,CRS005,96,A
STU0457,CRS011,77,B+
STU0457,CRS007,83,B+
STU0457,CRS008,82,B+
STU0457,CRS014,56,C
STU0458,CRS005,69,B
STU0458,CRS012,87,A
STU0458,CRS004,69,B
STU0458,CRS008,92,A
STU0458,CRS006,98,A
STU0458,CRS014,76,B+
STU0459,CRS014,98,A
STU0459,CRS015,96,A
STU0459,CRS012,78,B+
STU0459,CRS011,85,A
STU0459,CRS008,65,B
STU0459,CRS003,94,A
STU0459,CRS005,68,B
STU0459,CRS007,73,B
STU0459,CRS004,60,C
STU0460,CRS008,86,A
STU0460,CRS003,74,B
STU0460,CRS014,70,B
STU0460,CRS004,68,B
STU0460,CRS013,90,A
STU0460,CRS010,58,C
STU0460,CRS015,56,C
STU0460,CRS002,77,B+
STU0460,CRS007,71,B
STU0460,CRS012,77,B+
STU0461,CRS003,62,C
STU0461,CRS015,90,A
STU0461,CRS009,69,B
STU0461,CRS001,86,A
STU0461,CRS002,71,B
STU0461,CRS006,76,B+
STU0461,CRS007,77,B+
STU0461,CRS011,57,C
STU0461,CRS005,90,A
STU0461,CRS008,72,B
STU0462,CRS014,58,C
STU0462,CRS012,83,B+
STU0462,CRS009,84,B+
STU0462,CRS010,62,C
STU0462,CRS011,61,C
STU0462,CRS002,94,A
STU0463,CRS013,62,C
STU0463,CRS014,68,B
STU0463,CRS002,78,B+
STU0463,CRS009,65,B
STU0463,CRS001,73,B
STU0463,CRS012,83,B+
STU0463,CRS015,87,A
STU0463,CRS003,86,A
STU0463,CRS006,61,C
STU0464,CRS011,83,B+
STU0464,CRS006,81,B+
STU0464,CRS014,55,C
STU0464,CRS003,70,B
STU0464,CRS002,85,A
STU0464,CRS004,76,B+
STU0465,CRS009,95,A
STU0465,CRS003,97,A
STU0465,CRS002,70,B
STU0465,CRS005,64,C
STU0465,CRS006,88,A
STU0465,CRS007,81,B+
STU0465,CRS011,69,B
STU0466,CRS013,98,A
STU0466,CRS007,78,B+
STU0466,CRS014,56,C
STU0466,CRS015,83,B+
STU0466,CRS008,64,C
STU0466,CRS009,55,C
STU0467,CRS013,80,B+
STU0467,CRS009,57,C
STU0467,CRS002,97,A
STU0467,CRS015,96,A
STU0467,CRS006,64,C
STU0467,CRS011,91,A
STU0467,CRS007,58,C
STU0467,CRS003,95,A
STU0467,CRS004,97,A
STU0467,CRS001,88,A
STU0468,CRS007,77,B+
STU0468,CRS015,55,C
STU0468,CRS011,72,B
STU0468,CRS012,88,A
STU0468,CRS009,94,A
STU0468,CRS005,64,C
STU0468,CRS006,80,B+
STU0469,CRS011,67,B
STU0469,CRS004,74,B
STU0469,CRS009,60,C
STU0469,CRS010,57,C
STU0469,CRS012,89,A
STU0469,CRS008,76,B+
STU0469,CRS006,79,B+
STU0469,CRS007,63,C
STU0470,CRS009,95,A
STU0470,CRS005,65,B
STU0470,CRS004,56,C
STU0470,CRS002,56,C
STU0470,CRS015,89,A
STU0470,CRS011,92,A
STU0470,CRS014,71,B
STU0470,CRS006,70,B
STU0470,CRS007,74,B
STU0471,CRS007,96,A
STU0471,CRS009,62,C
STU0471,CRS002,83,B+
STU0471,CRS012,74,B
STU0471,CRS001,91,A
STU0471,CRS006,55,C
STU0471,CRS005,84,B+
STU0471,CRS010,76,B+
STU0471,CRS011,70,B
STU0471,CRS015,92,A
STU0472,CRS012,97,A
STU0472,CRS011,91,A
STU0472,CRS014,98,A
STU0472,CRS009,63,C
STU0472,CRS010,79,B+
STU0472,CRS004,88,A
STU0472,CRS006,70,B
STU0472,CRS005,61,C
STU0472,CRS003,75,B+
STU0473,CRS010,81,B+
STU0473,CRS004,60,C
STU0473,CRS013,60,C
STU0473,CRS006,58,C
STU0473,CRS008,82,B+
STU0473,CRS002,63,C
STU0473,CRS003,85,A
STU0473,CRS007,68,B
STU0473,CRS011,83,B+
STU0474,CRS006,90,A
STU0474,CRS011,88,A
STU0474,CRS009,80,B+
STU0474,CRS007,71,B
STU0474,CRS010,92,A
STU0475,CRS011,87,A
STU0475,CRS007,63,C
STU0475,CRS008,86,A
STU0475,CRS012,84,B+
STU0475,CRS013,63,C
STU0475,CRS014,87,A
STU0475,CRS003,88,A
STU0475,CRS009,62,C
STU0476,CRS004,62,C
STU0476,CRS008,62,C
STU0476,CRS014,78,B+
STU0476,CRS001,91,A
STU0476,CRS003,73,B
STU0476,CRS009,57,C
STU0476,CRS006,88,A
STU0476,CRS002,64,C
STU0476,CRS005,62,C
STU0476,CRS015,78,B+
STU0477,CRS006,92,A
STU0477,CRS005,81,B+
STU0477,CRS014,58,C
STU0477,CRS008,74,B
STU0477,CRS001,73,B
STU0477,CRS003,68,B
STU0477,CRS010,66,B
STU0478,CRS008,74,B
STU0478,CRS001,91,A
STU0478,CRS002,83,B+
STU0478,CRS009,76,B+
STU0478,CRS006,79,B+
STU0478,CRS013,85,A
STU0478,CRS014,93,A
STU0478,CRS007,63,C
STU0478,CRS004,63,C
STU0478,CRS005,87,A
STU0479,CRS008,97,A
STU0479,CRS013,94,A
STU0479,CRS015,81,B+
STU0479,CRS011,79,B+
STU0479,CRS014,69,B
STU0479,CRS003,80,B+
STU0479,CRS006,76,B+
STU0479,CRS002,89,A
STU0479,CRS007,57,C
STU0479,CRS005,97,A
STU0480,CRS012,96,A
STU0480,CRS005,90,A
STU0480,CRS011,60,C
STU0480,CRS002,67,B
STU0480,CRS003,94,A
STU0480,CRS001,89,A
STU0480,CRS014,91,A
STU0480,CRS015,58,C
STU0481,CRS009,72,B
STU0481,CRS004,68,B
STU0481,CRS013,70,B
STU0481,CRS008,92,A
STU0481,CRS015,83,B+
STU0481,CRS001,60,C
STU0481,CRS002,89,A
STU0481,CRS003,93,A
STU0481,CRS010,75,B+
STU0482,CRS010,56,C
STU0482,CRS001,88,A
STU0482,CRS008,75,B+
STU0482,CRS014,79,B+
STU0482,CRS006,71,B
STU0482,CRS007,60,C
STU0482,CRS003,62,C
STU0482,CRS015,61,C
STU0483,CRS003,98,A
STU0483,CRS005,65,B
STU0483,CRS015,58,C
STU0483,CRS013,94,A
STU0483,CRS014,75,B+
STU0483,CRS002,66,B
STU0483,CRS012,56,C
STU0483,CRS011,58,C
STU0483,CRS004,74,B
STU0484,CRS002,58,C
STU0484,CRS006,67,B
STU0484,CRS003,70,B
STU0484,CRS007,93,A
STU0484,CRS014,92,A
STU0484,CRS005,70,B
STU0484,CRS012,86,A
STU0484,CRS015,87,A
STU0485,CRS007,85,A
STU0485,CRS002,56,C
STU0485,CRS005,81,B+
STU0485,CRS001,95,A
STU0485,CRS006,69,B
STU0485,CRS008,56,C
STU0485,CRS009,72,B
STU0485,CRS015,90,A
STU0485,CRS012,92,A
STU0486,CRS002,95,A
STU0486,CRS004,87,A
STU0486,CRS013,68,B
STU0486,CRS009,64,C
STU0486,CRS011,78,B+
STU0486,CRS003,89,A
STU0486,CRS005,65,B
STU0486,CRS007,70,B
STU0486,CRS014,89,A
STU0486,CRS001,82,B+
STU0487,CRS008,85,A
STU0487,CRS001,72,B
STU0487,CRS014,93,A
STU0487,CRS015,71,B
STU0487,CRS010,98,A
STU0487,CRS005,79,B+
STU0487,CRS003,77,B+
STU0487,CRS013,95,A
STU0487,CRS012,68,B
STU0488,CRS014,80,B+
STU0488,CRS009,62,C
STU0488,CRS005,63,C
STU0488,CRS001,90,A
STU0488,CRS003,72,B
STU0488,CRS015,82,B+
STU0488,CRS002,68,B
STU0488,CRS013,94,A
STU0488,CRS012,87,A
STU0489,CRS015,70,B
STU0489,CRS011,97,A
STU0489,CRS006,75,B+
STU0489,CRS014,76,B+
STU0489,CRS005,68,B
STU0489,CRS008,84,B+
STU0489,CRS012,93,A
STU0490,CRS001,55,C
STU0490,CRS012,55,C
STU0490,CRS003,98,A
STU0490,CRS011,66,B
STU0490,CRS015,81,B+
STU0490,CRS010,90,A
STU0490,CRS008,86,A
STU0491,CRS009,97,A
STU0491,CRS002,83,B+
STU0491,CRS013,98,A
STU0491,CRS011,62,C
STU0491,CRS012,77,B+
STU0491,CRS014,79,B+
STU0491,CRS015,93,A
STU0491,CRS001,77,B+
STU0492,CRS003,67,B
STU0492,CRS014,83,B+
STU0492,CRS013,55,C
STU0492,CRS012,69,B
STU0492,CRS001,56,C
STU0492,CRS002,72,B
STU0492,CRS008,98,A
STU0492,CRS006,77,B+
STU0493,CRS002,69,B
STU0493,CRS014,86,A
STU0493,CRS010,78,B+
STU0493,CRS011,57,C
STU0493,CRS005,72,B
STU0493,CRS004,86,A
STU0494,CRS012,86,A
STU0494,CRS010,65,B
STU0494,CRS004,90,A
STU0494,CRS001,67,B
STU0494,CRS013,97,A
STU0494,CRS007,91,A
STU0494,CRS002,98,A
STU0494,CRS005,98,A
STU0494,CRS008,93,A
STU0494,CRS014,91,A
STU0495,CRS002,71,B
STU0495,CRS010,91,A
STU0495,CRS003,69,B
STU0495,CRS012,88,A
STU0495,CRS015,72,B
STU0495,CRS013,67,B
STU0496,CRS001,96,A
STU0496,CRS012,98,A
STU0496,CRS011,96,A
STU0496,CRS009,58,C
STU0496,CRS010,75,B+
STU0496,CRS005,82,B+
STU0496,CRS014,81,B+
STU0496,CRS008,72,B
STU0496,CRS015,62,C
STU0496,CRS004,98,A
STU0497,CRS008,89,A
STU0497,CRS015,83,B+
STU0497,CRS006,75,B+
STU0497,CRS009,55,C
STU0497,CRS001,80,B+
STU0497,CRS004,67,B
STU0497,CRS011,76,B+
STU0497,CRS005,60,C
STU0497,CRS010,91,A
STU0498,CRS012,70,B
STU0498,CRS004,67,B
STU0498,CRS015,65,B
STU0498,CRS007,76,B+
STU0498,CRS002,74,B
STU0499,CRS011,82,B+
STU0499,CRS015,56,C
STU0499,CRS002,92,A
STU0499,CRS001,95,A
STU0499,CRS008,76,B+
STU0500,CRS004,88,A
STU0500,CRS002,70,B
STU0500,CRS008,59,C
STU0500,CRS015,93,A
STU0500,CRS006,94,A
STU0500,CRS001,83,B+
STU0500,CRS011,61,C
